,Plant Code,Product ID
0,PLANT15,1698815
1,PLANT17,1664419
2,PLANT17,1664426
3,PLANT17,1672826
4,PLANT17,1674916
5,PLANT17,1674918
6,PLANT17,1675507
7,PLANT17,1676151
8,PLANT17,1676152
9,PLANT17,1677864
10,PLANT17,1677865
11,PLANT17,1679124
12,PLANT17,1685369
13,PLANT17,1685370
14,PLANT17,1685378
15,PLANT17,1685979
16,PLANT17,1691969
17,PLANT17,1694139
18,PLANT17,1694217
19,PLANT17,1696107
20,PLANT17,1697052
21,PLANT18,1660883
22,PLANT18,1664500
23,PLANT18,1666994
24,PLANT18,1668792
25,PLANT18,1669083
26,PLANT18,1669095
27,PLANT18,1669740
28,PLANT18,1669741
29,PLANT18,1671769
30,PLANT18,1673352
31,PLANT18,1674718
32,PLANT18,1699520
33,PLANT05,1650942
34,PLANT05,1650946
35,PLANT05,1656871
36,PLANT05,1656873
37,PLANT05,1656879
38,PLANT05,1656889
39,PLANT05,1660742
40,PLANT05,1660748
41,PLANT05,1661315
42,PLANT05,1661316
43,PLANT05,1661317
44,PLANT05,1661318
45,PLANT05,1661319
46,PLANT05,1661320
47,PLANT05,1661321
48,PLANT05,1662989
49,PLANT05,1662990
50,PLANT05,1662991
51,PLANT05,1664340
52,PLANT05,1664343
53,PLANT05,1664344
54,PLANT05,1664345
55,PLANT05,1664346
56,PLANT05,1664347
57,PLANT05,1665087
58,PLANT05,1666750
59,PLANT05,1666761
60,PLANT05,1667071
61,PLANT05,1667125
62,PLANT05,1667126
63,PLANT05,1667143
64,PLANT05,1667163
65,PLANT05,1667164
66,PLANT05,1667679
67,PLANT05,1668409
68,PLANT05,1668412
69,PLANT05,1668419
70,PLANT05,1668421
71,PLANT05,1668426
72,PLANT05,1671354
73,PLANT05,1672344
74,PLANT05,1672564
75,PLANT05,1672565
76,PLANT05,1672621
77,PLANT05,1673058
78,PLANT05,1673059
79,PLANT05,1674111
80,PLANT05,1674114
81,PLANT05,1675500
82,PLANT05,1675601
83,PLANT05,1675746
84,PLANT05,1675747
85,PLANT05,1675748
86,PLANT05,1677568
87,PLANT05,1677578
88,PLANT05,1677581
89,PLANT05,1681721
90,PLANT05,1681759
91,PLANT05,1681775
92,PLANT05,1681778
93,PLANT05,1681883
94,PLANT05,1681951
95,PLANT05,1681952
96,PLANT05,1681953
97,PLANT05,1681954
98,PLANT05,1681955
99,PLANT05,1681956
100,PLANT05,1681957
101,PLANT05,1682366
102,PLANT05,1683286
103,PLANT05,1683293
104,PLANT05,1683294
105,PLANT05,1683354
106,PLANT05,1683356
107,PLANT05,1683357
108,PLANT05,1683359
109,PLANT05,1683361
110,PLANT05,1683365
111,PLANT05,1683523
112,PLANT05,1683525
113,PLANT05,1683527
114,PLANT05,1683528
115,PLANT05,1683531
116,PLANT05,1683802
117,PLANT05,1683808
118,PLANT05,1684659
119,PLANT05,1684668
120,PLANT05,1684669
121,PLANT05,1684717
122,PLANT05,1685593
123,PLANT05,1685595
124,PLANT05,1685599
125,PLANT05,1689498
126,PLANT05,1689502
127,PLANT05,1692056
128,PLANT05,1692105
129,PLANT05,1692106
130,PLANT05,1692107
131,PLANT05,1692108
132,PLANT05,1692109
133,PLANT05,1692113
134,PLANT05,1692114
135,PLANT05,1692115
136,PLANT05,1692277
137,PLANT05,1692401
138,PLANT05,1693453
139,PLANT05,1696113
140,PLANT05,1696114
141,PLANT05,1696256
142,PLANT05,1696261
143,PLANT05,1696262
144,PLANT05,1696263
145,PLANT05,1696774
146,PLANT05,1696820
147,PLANT05,1696822
148,PLANT05,1697080
149,PLANT05,1697081
150,PLANT05,1697082
151,PLANT05,1697083
152,PLANT05,1697084
153,PLANT05,1697085
154,PLANT05,1697086
155,PLANT05,1697087
156,PLANT05,1697102
157,PLANT05,1697113
158,PLANT05,1697114
159,PLANT05,1697115
160,PLANT02,1656889
161,PLANT02,1660153
162,PLANT02,1660530
163,PLANT02,1660585
164,PLANT02,1660668
165,PLANT02,1680674
166,PLANT02,1680682
167,PLANT02,1680684
168,PLANT02,1680697
169,PLANT02,1680742
170,PLANT02,1682646
171,PLANT02,1682648
172,PLANT02,1682651
173,PLANT02,1682709
174,PLANT02,1682727
175,PLANT02,1682736
176,PLANT02,1682754
177,PLANT02,1682757
178,PLANT02,1682760
179,PLANT02,1682763
180,PLANT02,1682766
181,PLANT02,1682769
182,PLANT02,1682772
183,PLANT02,1682778
184,PLANT02,1682787
185,PLANT02,1682790
186,PLANT02,1682793
187,PLANT02,1682796
188,PLANT02,1682799
189,PLANT02,1682802
190,PLANT02,1682805
191,PLANT02,1682832
192,PLANT02,1682835
193,PLANT02,1682853
194,PLANT02,1682859
195,PLANT02,1682862
196,PLANT02,1682869
197,PLANT02,1683134
198,PLANT02,1683392
199,PLANT02,1683397
200,PLANT02,1683401
201,PLANT02,1683403
202,PLANT02,1683405
203,PLANT02,1683407
204,PLANT02,1683409
205,PLANT02,1683419
206,PLANT02,1683426
207,PLANT02,1683432
208,PLANT02,1683523
209,PLANT02,1683525
210,PLANT02,1683527
211,PLANT02,1683739
212,PLANT02,1683749
213,PLANT02,1683760
214,PLANT02,1683769
215,PLANT02,1683773
216,PLANT02,1683808
217,PLANT02,1684637
218,PLANT02,1684644
219,PLANT02,1684645
220,PLANT02,1684646
221,PLANT02,1684649
222,PLANT02,1684659
223,PLANT02,1684722
224,PLANT02,1684724
225,PLANT02,1684725
226,PLANT02,1684728
227,PLANT02,1684730
228,PLANT02,1684740
229,PLANT02,1684741
230,PLANT02,1684743
231,PLANT02,1684752
232,PLANT02,1684767
233,PLANT02,1684768
234,PLANT02,1684771
235,PLANT02,1684772
236,PLANT02,1684773
237,PLANT02,1685107
238,PLANT02,1687191
239,PLANT02,1688285
240,PLANT02,1688288
241,PLANT02,1688290
242,PLANT02,1688292
243,PLANT02,1688294
244,PLANT02,1688571
245,PLANT02,1688575
246,PLANT02,1688587
247,PLANT02,1688589
248,PLANT02,1688610
249,PLANT02,1688621
250,PLANT02,1688629
251,PLANT02,1688633
252,PLANT02,1689543
253,PLANT02,1689544
254,PLANT02,1689545
255,PLANT02,1689546
256,PLANT02,1689547
257,PLANT02,1689548
258,PLANT02,1689549
259,PLANT02,1689550
260,PLANT02,1689551
261,PLANT02,1689780
262,PLANT02,1689781
263,PLANT02,1689782
264,PLANT02,1689783
265,PLANT02,1689784
266,PLANT02,1689785
267,PLANT02,1690100
268,PLANT02,1690614
269,PLANT02,1690616
270,PLANT02,1690619
271,PLANT02,1690621
272,PLANT02,1690627
273,PLANT02,1690628
274,PLANT02,1690630
275,PLANT02,1691546
276,PLANT01,1654431
277,PLANT01,1664406
278,PLANT01,1664416
279,PLANT01,1665542
280,PLANT01,1665863
281,PLANT01,1668786
282,PLANT01,1668787
283,PLANT01,1669095
284,PLANT01,1669096
285,PLANT01,1669098
286,PLANT01,1670651
287,PLANT01,1670657
288,PLANT01,1670726
289,PLANT01,1670729
290,PLANT01,1670832
291,PLANT01,1671082
292,PLANT01,1671768
293,PLANT01,1672483
294,PLANT01,1673316
295,PLANT01,1673317
296,PLANT01,1673344
297,PLANT01,1673352
298,PLANT01,1673354
299,PLANT01,1673604
300,PLANT01,1673716
301,PLANT01,1673790
302,PLANT01,1673860
303,PLANT01,1674378
304,PLANT01,1674380
305,PLANT01,1674382
306,PLANT01,1674384
307,PLANT01,1674493
308,PLANT01,1675998
309,PLANT01,1676003
310,PLANT01,1676009
311,PLANT01,1677163
312,PLANT01,1677199
313,PLANT01,1677614
314,PLANT01,1677617
315,PLANT01,1677618
316,PLANT01,1679087
317,PLANT01,1679938
318,PLANT01,1679943
319,PLANT01,1679944
320,PLANT01,1679945
321,PLANT01,1679946
322,PLANT01,1679947
323,PLANT01,1679948
324,PLANT01,1679950
325,PLANT01,1679951
326,PLANT01,1679953
327,PLANT01,1679954
328,PLANT01,1679956
329,PLANT01,1680434
330,PLANT01,1681129
331,PLANT01,1681136
332,PLANT01,1681374
333,PLANT01,1681378
334,PLANT01,1681468
335,PLANT01,1681812
336,PLANT01,1682502
337,PLANT01,1682593
338,PLANT01,1683107
339,PLANT01,1684271
340,PLANT01,1684524
341,PLANT01,1684756
342,PLANT01,1685009
343,PLANT01,1685010
344,PLANT01,1685011
345,PLANT01,1685012
346,PLANT01,1685825
347,PLANT01,1685828
348,PLANT01,1685832
349,PLANT01,1685834
350,PLANT01,1685835
351,PLANT01,1685836
352,PLANT01,1685837
353,PLANT01,1685841
354,PLANT01,1686001
355,PLANT01,1686002
356,PLANT01,1686505
357,PLANT01,1686705
358,PLANT01,1686707
359,PLANT01,1687195
360,PLANT01,1687416
361,PLANT01,1687417
362,PLANT01,1687418
363,PLANT01,1687419
364,PLANT01,1687420
365,PLANT01,1687421
366,PLANT01,1687422
367,PLANT01,1687423
368,PLANT01,1687424
369,PLANT01,1687425
370,PLANT01,1687660
371,PLANT01,1687669
372,PLANT01,1687670
373,PLANT01,1687671
374,PLANT01,1687707
375,PLANT01,1687708
376,PLANT01,1687892
377,PLANT01,1688043
378,PLANT01,1688547
379,PLANT01,1688877
380,PLANT01,1688880
381,PLANT01,1688881
382,PLANT01,1688885
383,PLANT01,1688954
384,PLANT01,1688955
385,PLANT01,1689617
386,PLANT01,1689888
387,PLANT01,1690013
388,PLANT01,1690123
389,PLANT01,1690144
390,PLANT01,1690152
391,PLANT01,1690153
392,PLANT01,1690155
393,PLANT01,1690176
394,PLANT01,1690265
395,PLANT01,1690267
396,PLANT01,1690271
397,PLANT01,1690273
398,PLANT01,1690372
399,PLANT01,1690374
400,PLANT01,1690487
401,PLANT01,1690488
402,PLANT01,1690489
403,PLANT01,1690490
404,PLANT01,1690491
405,PLANT01,1690492
406,PLANT01,1690493
407,PLANT01,1690529
408,PLANT01,1691889
409,PLANT01,1691893
410,PLANT01,1691901
411,PLANT01,1691906
412,PLANT01,1691937
413,PLANT01,1692222
414,PLANT01,1692223
415,PLANT01,1692224
416,PLANT01,1692225
417,PLANT01,1692226
418,PLANT01,1692679
419,PLANT01,1692852
420,PLANT01,1692863
421,PLANT01,1692867
422,PLANT01,1693065
423,PLANT01,1693525
424,PLANT01,1693527
425,PLANT01,1693529
426,PLANT01,1693530
427,PLANT01,1693531
428,PLANT01,1693534
429,PLANT01,1693535
430,PLANT01,1693536
431,PLANT01,1693538
432,PLANT01,1694555
433,PLANT01,1694556
434,PLANT01,1694557
435,PLANT01,1694558
436,PLANT01,1694559
437,PLANT01,1694560
438,PLANT01,1694561
439,PLANT01,1694562
440,PLANT01,1694564
441,PLANT01,1694565
442,PLANT01,1694566
443,PLANT01,1694568
444,PLANT01,1694604
445,PLANT01,1694674
446,PLANT01,1694789
447,PLANT01,1694791
448,PLANT01,1694845
449,PLANT01,1694911
450,PLANT01,1694913
451,PLANT01,1694984
452,PLANT01,1694985
453,PLANT01,1695622
454,PLANT01,1695660
455,PLANT01,1695766
456,PLANT01,1695927
457,PLANT01,1695932
458,PLANT01,1695934
459,PLANT01,1695974
460,PLANT01,1696549
461,PLANT01,1696864
462,PLANT01,1697127
463,PLANT01,1697128
464,PLANT01,1697143
465,PLANT01,1697147
466,PLANT01,1697243
467,PLANT01,1697252
468,PLANT01,1697428
469,PLANT01,1697429
470,PLANT01,1697434
471,PLANT01,1697521
472,PLANT01,1697522
473,PLANT01,1697523
474,PLANT01,1697524
475,PLANT01,1697526
476,PLANT01,1697628
477,PLANT01,1698320
478,PLANT01,1698654
479,PLANT01,1698657
480,PLANT01,1698748
481,PLANT01,1698749
482,PLANT01,1700135
483,PLANT01,1700263
484,PLANT01,1700304
485,PLANT01,1700305
486,PLANT01,1700306
487,PLANT01,1700307
488,PLANT01,1700308
489,PLANT01,1700309
490,PLANT01,1701317
491,PLANT01,1701319
492,PLANT01,1701320
493,PLANT01,1701324
494,PLANT01,1701546
495,PLANT01,1701550
496,PLANT06,1683294
497,PLANT06,1683354
498,PLANT06,1683361
499,PLANT06,1683365
500,PLANT06,1683760
501,PLANT06,1683769
502,PLANT06,1683795
503,PLANT06,1684637
504,PLANT06,1684644
505,PLANT06,1684646
506,PLANT06,1684649
507,PLANT06,1684717
508,PLANT06,1684722
509,PLANT06,1684724
510,PLANT06,1684725
511,PLANT06,1684728
512,PLANT06,1684752
513,PLANT06,1685107
514,PLANT06,1686209
515,PLANT06,1687191
516,PLANT06,1687643
517,PLANT06,1688695
518,PLANT06,1688750
519,PLANT06,1690006
520,PLANT06,1692113
521,PLANT06,1692277
522,PLANT10,1672344
523,PLANT10,1672986
524,PLANT10,1680674
525,PLANT10,1680684
526,PLANT10,1680697
527,PLANT10,1680699
528,PLANT10,1680742
529,PLANT10,1681878
530,PLANT10,1681880
531,PLANT10,1681883
532,PLANT10,1682651
533,PLANT10,1682709
534,PLANT10,1682769
535,PLANT10,1682778
536,PLANT10,1682787
537,PLANT10,1682805
538,PLANT10,1682832
539,PLANT10,1682853
540,PLANT10,1682859
541,PLANT10,1683134
542,PLANT10,1683293
543,PLANT10,1683294
544,PLANT10,1683354
545,PLANT10,1683356
546,PLANT10,1683357
547,PLANT10,1683359
548,PLANT10,1683361
549,PLANT10,1683365
550,PLANT10,1683392
551,PLANT10,1683403
552,PLANT10,1683407
553,PLANT10,1683409
554,PLANT10,1683417
555,PLANT10,1683419
556,PLANT10,1683426
557,PLANT10,1683432
558,PLANT10,1683523
559,PLANT10,1683525
560,PLANT10,1683527
561,PLANT10,1683528
562,PLANT10,1683531
563,PLANT10,1683739
564,PLANT10,1683760
565,PLANT10,1683769
566,PLANT10,1683773
567,PLANT10,1683802
568,PLANT10,1683808
569,PLANT10,1684636
570,PLANT10,1684637
571,PLANT10,1684644
572,PLANT10,1684645
573,PLANT10,1684646
574,PLANT10,1684649
575,PLANT10,1684659
576,PLANT10,1684668
577,PLANT10,1684669
578,PLANT10,1684717
579,PLANT10,1684722
580,PLANT10,1684724
581,PLANT10,1684725
582,PLANT10,1684728
583,PLANT10,1684730
584,PLANT10,1684740
585,PLANT10,1684743
586,PLANT10,1684767
587,PLANT10,1684768
588,PLANT10,1684771
589,PLANT10,1684772
590,PLANT10,1684773
591,PLANT10,1685107
592,PLANT10,1687191
593,PLANT10,1688285
594,PLANT10,1688288
595,PLANT10,1688290
596,PLANT10,1688292
597,PLANT10,1688294
598,PLANT10,1688571
599,PLANT10,1688575
600,PLANT10,1688587
601,PLANT10,1688589
602,PLANT10,1688610
603,PLANT10,1688621
604,PLANT10,1688629
605,PLANT10,1688633
606,PLANT10,1688695
607,PLANT10,1688746
608,PLANT10,1688750
609,PLANT10,1689543
610,PLANT10,1689544
611,PLANT10,1689545
612,PLANT10,1689546
613,PLANT10,1689547
614,PLANT10,1689548
615,PLANT10,1689549
616,PLANT10,1689550
617,PLANT10,1689551
618,PLANT10,1689780
619,PLANT10,1689781
620,PLANT10,1689782
621,PLANT10,1689783
622,PLANT10,1689784
623,PLANT10,1689785
624,PLANT10,1690001
625,PLANT10,1690006
626,PLANT10,1690616
627,PLANT10,1690619
628,PLANT10,1690621
629,PLANT10,1690627
630,PLANT10,1690628
631,PLANT10,1690630
632,PLANT10,1690634
633,PLANT10,1691544
634,PLANT10,1691546
635,PLANT10,1691548
636,PLANT10,1691700
637,PLANT10,1691701
638,PLANT10,1692056
639,PLANT10,1692113
640,PLANT10,1692277
641,PLANT10,1695345
642,PLANT10,1695348
643,PLANT07,1663140
644,PLANT07,1672343
645,PLANT07,1672344
646,PLANT07,1672345
647,PLANT07,1672347
648,PLANT07,1672986
649,PLANT07,1681878
650,PLANT07,1681880
651,PLANT07,1681883
652,PLANT07,1681884
653,PLANT07,1681885
654,PLANT07,1681888
655,PLANT07,1681890
656,PLANT07,1681895
657,PLANT07,1681897
658,PLANT07,1681898
659,PLANT07,1683709
660,PLANT07,1683710
661,PLANT07,1691700
662,PLANT07,1691701
663,PLANT07,1696254
664,PLANT07,1696255
665,PLANT07,1696256
666,PLANT07,1696258
667,PLANT07,1696259
668,PLANT07,1696260
669,PLANT07,1696261
670,PLANT07,1696262
671,PLANT07,1696263
672,CND9,1698759
673,PLANT14,1670498
674,PLANT14,1685171
675,PLANT14,1700693
676,PLANT16,1666985
677,PLANT16,1668039
678,PLANT16,1668350
679,PLANT16,1668351
680,PLANT16,1668369
681,PLANT16,1668382
682,PLANT16,1668792
683,PLANT16,1669083
684,PLANT16,1672228
685,PLANT16,1673716
686,PLANT16,1673774
687,PLANT16,1677250
688,PLANT16,1677251
689,PLANT16,1677256
690,PLANT16,1677271
691,PLANT16,1677317
692,PLANT16,1677324
693,PLANT16,1677326
694,PLANT16,1677328
695,PLANT16,1677347
696,PLANT16,1677348
697,PLANT16,1677350
698,PLANT16,1677472
699,PLANT16,1677485
700,PLANT16,1677488
701,PLANT16,1677501
702,PLANT16,1677504
703,PLANT16,1679111
704,PLANT16,1679999
705,PLANT16,1683624
706,PLANT16,1684319
707,PLANT16,1684569
708,PLANT16,1685167
709,PLANT16,1685170
710,PLANT16,1685173
711,PLANT16,1685174
712,PLANT16,1686433
713,PLANT16,1686434
714,PLANT16,1686435
715,PLANT16,1686673
716,PLANT16,1687626
717,PLANT16,1687629
718,PLANT16,1687631
719,PLANT16,1687632
720,PLANT16,1687713
721,PLANT16,1687734
722,PLANT16,1688035
723,PLANT16,1688768
724,PLANT16,1688778
725,PLANT16,1688781
726,PLANT16,1688868
727,PLANT16,1688924
728,PLANT16,1688929
729,PLANT16,1689162
730,PLANT16,1689539
731,PLANT16,1689637
732,PLANT16,1689639
733,PLANT16,1689641
734,PLANT16,1690315
735,PLANT16,1690321
736,PLANT16,1691393
737,PLANT16,1691461
738,PLANT16,1692656
739,PLANT16,1692708
740,PLANT16,1692722
741,PLANT16,1692723
742,PLANT16,1692724
743,PLANT16,1692729
744,PLANT16,1692731
745,PLANT16,1692737
746,PLANT16,1693035
747,PLANT16,1694775
748,PLANT16,1694777
749,PLANT16,1694780
750,PLANT16,1694783
751,PLANT16,1694812
752,PLANT16,1695949
753,PLANT16,1695953
754,PLANT16,1696356
755,PLANT16,1696532
756,PLANT16,1696533
757,PLANT16,1696572
758,PLANT16,1696573
759,PLANT16,1696574
760,PLANT16,1696575
761,PLANT16,1696638
762,PLANT16,1696640
763,PLANT16,1696798
764,PLANT16,1696799
765,PLANT16,1697181
766,PLANT16,1697212
767,PLANT16,1697317
768,PLANT16,1697883
769,PLANT16,1697884
770,PLANT16,1698758
771,PLANT16,1698759
772,PLANT16,1699215
773,PLANT16,1699224
774,PLANT16,1699336
775,PLANT16,1699337
776,PLANT16,1699615
777,PLANT16,1699620
778,PLANT16,1699624
779,PLANT16,1699630
780,PLANT16,1699757
781,PLANT16,1700035
782,PLANT16,1700106
783,PLANT16,1700371
784,PLANT16,1700380
785,PLANT16,1701418
786,PLANT16,1702652
787,PLANT16,1702653
788,PLANT16,1702654
789,PLANT12,1617714
790,PLANT12,1617826
791,PLANT12,1621717
792,PLANT12,1621719
793,PLANT12,1637055
794,PLANT12,1650400
795,PLANT12,1650404
796,PLANT12,1650715
797,PLANT12,1655985
798,PLANT12,1656944
799,PLANT12,1656969
800,PLANT12,1657013
801,PLANT12,1661119
802,PLANT12,1666957
803,PLANT12,1666958
804,PLANT12,1666959
805,PLANT12,1666961
806,PLANT12,1666990
807,PLANT12,1666992
808,PLANT12,1666994
809,PLANT12,1671246
810,PLANT12,1671247
811,PLANT12,1671248
812,PLANT12,1674635
813,PLANT12,1675810
814,PLANT12,1677229
815,PLANT12,1679991
816,PLANT12,1680245
817,PLANT12,1680246
818,PLANT12,1680249
819,PLANT12,1681687
820,PLANT12,1681688
821,PLANT12,1681699
822,PLANT12,1681700
823,PLANT12,1681701
824,PLANT12,1682594
825,PLANT12,1682914
826,PLANT12,1682959
827,PLANT12,1683387
828,PLANT12,1685321
829,PLANT12,1685329
830,PLANT12,1685330
831,PLANT12,1685332
832,PLANT12,1685333
833,PLANT12,1685952
834,PLANT12,1685963
835,PLANT12,1686657
836,PLANT12,1686762
837,PLANT12,1686764
838,PLANT12,1687353
839,PLANT12,1687354
840,PLANT12,1689457
841,PLANT12,1689460
842,PLANT12,1689461
843,PLANT12,1696476
844,PLANT12,1697781
845,PLANT12,1702224
846,PLANT11,1680697
847,PLANT11,1680742
848,PLANT11,1682651
849,PLANT11,1682709
850,PLANT11,1682712
851,PLANT11,1682715
852,PLANT11,1682757
853,PLANT11,1682760
854,PLANT11,1682763
855,PLANT11,1682769
856,PLANT11,1682778
857,PLANT11,1682787
858,PLANT11,1682790
859,PLANT11,1682793
860,PLANT11,1682796
861,PLANT11,1682799
862,PLANT11,1682802
863,PLANT11,1682805
864,PLANT11,1682832
865,PLANT11,1682835
866,PLANT11,1682853
867,PLANT11,1682859
868,PLANT11,1682869
869,PLANT11,1683146
870,PLANT11,1683354
871,PLANT11,1683361
872,PLANT11,1683392
873,PLANT11,1683403
874,PLANT11,1683407
875,PLANT11,1683409
876,PLANT11,1683417
877,PLANT11,1683419
878,PLANT11,1683426
879,PLANT11,1683432
880,PLANT11,1683749
881,PLANT11,1683760
882,PLANT11,1683769
883,PLANT11,1683795
884,PLANT11,1684644
885,PLANT11,1684645
886,PLANT11,1684646
887,PLANT11,1684649
888,PLANT11,1684722
889,PLANT11,1684724
890,PLANT11,1684725
891,PLANT11,1684728
892,PLANT11,1684730
893,PLANT11,1684740
894,PLANT11,1684743
895,PLANT11,1684752
896,PLANT11,1684767
897,PLANT11,1684768
898,PLANT11,1684771
899,PLANT11,1684772
900,PLANT11,1684773
901,PLANT11,1685107
902,PLANT11,1686754
903,PLANT11,1686756
904,PLANT11,1686758
905,PLANT11,1687191
906,PLANT11,1688285
907,PLANT11,1688288
908,PLANT11,1688290
909,PLANT11,1688292
910,PLANT11,1688294
911,PLANT11,1688571
912,PLANT11,1688575
913,PLANT11,1688587
914,PLANT11,1688589
915,PLANT11,1688610
916,PLANT11,1688621
917,PLANT11,1688629
918,PLANT11,1688633
919,PLANT11,1689543
920,PLANT11,1689544
921,PLANT11,1689545
922,PLANT11,1689546
923,PLANT11,1689547
924,PLANT11,1689548
925,PLANT11,1689549
926,PLANT11,1689550
927,PLANT11,1689551
928,PLANT11,1689780
929,PLANT11,1689781
930,PLANT11,1689782
931,PLANT11,1689783
932,PLANT11,1689784
933,PLANT11,1689785
934,PLANT11,1690614
935,PLANT11,1690616
936,PLANT11,1690621
937,PLANT11,1690627
938,PLANT11,1690628
939,PLANT11,1690630
940,PLANT11,1690634
941,PLANT11,1691546
942,PLANT09,1687774
943,PLANT09,1692333
944,PLANT09,1692899
945,PLANT09,1695687
946,PLANT09,1695862
947,PLANT09,1699369
948,PLANT09,1699540
949,PLANT09,1699670
950,PLANT03,1613321
951,PLANT03,1615677
952,PLANT03,1620510
953,PLANT03,1620552
954,PLANT03,1622685
955,PLANT03,1623991
956,PLANT03,1629341
957,PLANT03,1634730
958,PLANT03,1635497
959,PLANT03,1635536
960,PLANT03,1636236
961,PLANT03,1636295
962,PLANT03,1636782
963,PLANT03,1639636
964,PLANT03,1641237
965,PLANT03,1642993
966,PLANT03,1643056
967,PLANT03,1643057
968,PLANT03,1644050
969,PLANT03,1644062
970,PLANT03,1644200
971,PLANT03,1644308
972,PLANT03,1645070
973,PLANT03,1646909
974,PLANT03,1649002
975,PLANT03,1649007
976,PLANT03,1649008
977,PLANT03,1650568
978,PLANT03,1650571
979,PLANT03,1650586
980,PLANT03,1650685
981,PLANT03,1650880
982,PLANT03,1650904
983,PLANT03,1650905
984,PLANT03,1651126
985,PLANT03,1651298
986,PLANT03,1651299
987,PLANT03,1651302
988,PLANT03,1651350
989,PLANT03,1651366
990,PLANT03,1651377
991,PLANT03,1651933
992,PLANT03,1652080
993,PLANT03,1652499
994,PLANT03,1652538
995,PLANT03,1652604
996,PLANT03,1652611
997,PLANT03,1652615
998,PLANT03,1652630
999,PLANT03,1652644
1000,PLANT03,1653584
1001,PLANT03,1653588
1002,PLANT03,1654251
1003,PLANT03,1654497
1004,PLANT03,1654498
1005,PLANT03,1654619
1006,PLANT03,1654621
1007,PLANT03,1654622
1008,PLANT03,1654623
1009,PLANT03,1654766
1010,PLANT03,1655373
1011,PLANT03,1655723
1012,PLANT03,1655754
1013,PLANT03,1655818
1014,PLANT03,1655982
1015,PLANT03,1656246
1016,PLANT03,1656347
1017,PLANT03,1656348
1018,PLANT03,1656350
1019,PLANT03,1656353
1020,PLANT03,1656839
1021,PLANT03,1657063
1022,PLANT03,1657064
1023,PLANT03,1657437
1024,PLANT03,1657474
1025,PLANT03,1657475
1026,PLANT03,1658528
1027,PLANT03,1658532
1028,PLANT03,1660152
1029,PLANT03,1660153
1030,PLANT03,1660530
1031,PLANT03,1660551
1032,PLANT03,1660563
1033,PLANT03,1660577
1034,PLANT03,1660578
1035,PLANT03,1660579
1036,PLANT03,1660580
1037,PLANT03,1660583
1038,PLANT03,1660585
1039,PLANT03,1660668
1040,PLANT03,1660673
1041,PLANT03,1660677
1042,PLANT03,1660885
1043,PLANT03,1660897
1044,PLANT03,1661098
1045,PLANT03,1661099
1046,PLANT03,1662238
1047,PLANT03,1662274
1048,PLANT03,1662317
1049,PLANT03,1662395
1050,PLANT03,1662551
1051,PLANT03,1662552
1052,PLANT03,1662554
1053,PLANT03,1662991
1054,PLANT03,1663337
1055,PLANT03,1663341
1056,PLANT03,1663347
1057,PLANT03,1663396
1058,PLANT03,1664051
1059,PLANT03,1664061
1060,PLANT03,1664067
1061,PLANT03,1664069
1062,PLANT03,1664245
1063,PLANT03,1664246
1064,PLANT03,1664247
1065,PLANT03,1664250
1066,PLANT03,1664251
1067,PLANT03,1664254
1068,PLANT03,1664255
1069,PLANT03,1664257
1070,PLANT03,1664258
1071,PLANT03,1664260
1072,PLANT03,1664346
1073,PLANT03,1666295
1074,PLANT03,1666317
1075,PLANT03,1666396
1076,PLANT03,1666441
1077,PLANT03,1666443
1078,PLANT03,1666466
1079,PLANT03,1666470
1080,PLANT03,1666507
1081,PLANT03,1666519
1082,PLANT03,1666524
1083,PLANT03,1666954
1084,PLANT03,1667126
1085,PLANT03,1667817
1086,PLANT03,1667927
1087,PLANT03,1667934
1088,PLANT03,1668094
1089,PLANT03,1668097
1090,PLANT03,1668099
1091,PLANT03,1668127
1092,PLANT03,1668128
1093,PLANT03,1668189
1094,PLANT03,1668343
1095,PLANT03,1668344
1096,PLANT03,1668345
1097,PLANT03,1668346
1098,PLANT03,1668347
1099,PLANT03,1668362
1100,PLANT03,1668421
1101,PLANT03,1668492
1102,PLANT03,1668496
1103,PLANT03,1668545
1104,PLANT03,1668547
1105,PLANT03,1668550
1106,PLANT03,1668554
1107,PLANT03,1668555
1108,PLANT03,1668557
1109,PLANT03,1668606
1110,PLANT03,1668607
1111,PLANT03,1668608
1112,PLANT03,1668609
1113,PLANT03,1668612
1114,PLANT03,1668639
1115,PLANT03,1669409
1116,PLANT03,1669584
1117,PLANT03,1669685
1118,PLANT03,1669701
1119,PLANT03,1669702
1120,PLANT03,1670203
1121,PLANT03,1670215
1122,PLANT03,1671416
1123,PLANT03,1671426
1124,PLANT03,1671461
1125,PLANT03,1671807
1126,PLANT03,1671819
1127,PLANT03,1671832
1128,PLANT03,1671833
1129,PLANT03,1671834
1130,PLANT03,1671836
1131,PLANT03,1671906
1132,PLANT03,1671939
1133,PLANT03,1671942
1134,PLANT03,1671945
1135,PLANT03,1671951
1136,PLANT03,1671955
1137,PLANT03,1671966
1138,PLANT03,1671988
1139,PLANT03,1671997
1140,PLANT03,1672000
1141,PLANT03,1672003
1142,PLANT03,1672006
1143,PLANT03,1672028
1144,PLANT03,1672034
1145,PLANT03,1672049
1146,PLANT03,1672052
1147,PLANT03,1672085
1148,PLANT03,1672088
1149,PLANT03,1672091
1150,PLANT03,1672104
1151,PLANT03,1672110
1152,PLANT03,1672117
1153,PLANT03,1672651
1154,PLANT03,1672661
1155,PLANT03,1672664
1156,PLANT03,1672670
1157,PLANT03,1672676
1158,PLANT03,1672706
1159,PLANT03,1672707
1160,PLANT03,1672708
1161,PLANT03,1672709
1162,PLANT03,1672712
1163,PLANT03,1672713
1164,PLANT03,1672714
1165,PLANT03,1672720
1166,PLANT03,1672721
1167,PLANT03,1672722
1168,PLANT03,1673103
1169,PLANT03,1673245
1170,PLANT03,1673246
1171,PLANT03,1673687
1172,PLANT03,1673710
1173,PLANT03,1674085
1174,PLANT03,1674086
1175,PLANT03,1674118
1176,PLANT03,1674120
1177,PLANT03,1674598
1178,PLANT03,1674853
1179,PLANT03,1675615
1180,PLANT03,1675654
1181,PLANT03,1675655
1182,PLANT03,1675662
1183,PLANT03,1675670
1184,PLANT03,1675746
1185,PLANT03,1676563
1186,PLANT03,1676564
1187,PLANT03,1676565
1188,PLANT03,1676566
1189,PLANT03,1676592
1190,PLANT03,1676699
1191,PLANT03,1676851
1192,PLANT03,1676853
1193,PLANT03,1676942
1194,PLANT03,1677690
1195,PLANT03,1677692
1196,PLANT03,1677877
1197,PLANT03,1677878
1198,PLANT03,1677884
1199,PLANT03,1677887
1200,PLANT03,1677889
1201,PLANT03,1677891
1202,PLANT03,1678000
1203,PLANT03,1678427
1204,PLANT03,1678493
1205,PLANT03,1678494
1206,PLANT03,1678648
1207,PLANT03,1678652
1208,PLANT03,1678674
1209,PLANT03,1678759
1210,PLANT03,1679571
1211,PLANT03,1679638
1212,PLANT03,1679639
1213,PLANT03,1679687
1214,PLANT03,1680210
1215,PLANT03,1680561
1216,PLANT03,1680562
1217,PLANT03,1680712
1218,PLANT03,1680716
1219,PLANT03,1680734
1220,PLANT03,1680736
1221,PLANT03,1680738
1222,PLANT03,1680740
1223,PLANT03,1680742
1224,PLANT03,1680781
1225,PLANT03,1680915
1226,PLANT03,1681775
1227,PLANT03,1681778
1228,PLANT03,1682210
1229,PLANT03,1682341
1230,PLANT03,1682347
1231,PLANT03,1682646
1232,PLANT03,1682648
1233,PLANT03,1682651
1234,PLANT03,1682679
1235,PLANT03,1682681
1236,PLANT03,1682682
1237,PLANT03,1682709
1238,PLANT03,1682712
1239,PLANT03,1682715
1240,PLANT03,1682727
1241,PLANT03,1682730
1242,PLANT03,1682736
1243,PLANT03,1682739
1244,PLANT03,1682742
1245,PLANT03,1682745
1246,PLANT03,1682748
1247,PLANT03,1682751
1248,PLANT03,1682754
1249,PLANT03,1682757
1250,PLANT03,1682760
1251,PLANT03,1682763
1252,PLANT03,1682766
1253,PLANT03,1682769
1254,PLANT03,1682772
1255,PLANT03,1682778
1256,PLANT03,1682784
1257,PLANT03,1682787
1258,PLANT03,1682790
1259,PLANT03,1682793
1260,PLANT03,1682796
1261,PLANT03,1682799
1262,PLANT03,1682802
1263,PLANT03,1682805
1264,PLANT03,1682811
1265,PLANT03,1682814
1266,PLANT03,1682826
1267,PLANT03,1682829
1268,PLANT03,1682832
1269,PLANT03,1682835
1270,PLANT03,1682838
1271,PLANT03,1682850
1272,PLANT03,1682853
1273,PLANT03,1682859
1274,PLANT03,1682862
1275,PLANT03,1682865
1276,PLANT03,1682868
1277,PLANT03,1682869
1278,PLANT03,1682908
1279,PLANT03,1682982
1280,PLANT03,1682983
1281,PLANT03,1683134
1282,PLANT03,1683190
1283,PLANT03,1683191
1284,PLANT03,1683197
1285,PLANT03,1683199
1286,PLANT03,1683200
1287,PLANT03,1683203
1288,PLANT03,1683282
1289,PLANT03,1683293
1290,PLANT03,1683294
1291,PLANT03,1683354
1292,PLANT03,1683359
1293,PLANT03,1683388
1294,PLANT03,1683392
1295,PLANT03,1683397
1296,PLANT03,1683399
1297,PLANT03,1683401
1298,PLANT03,1683403
1299,PLANT03,1683405
1300,PLANT03,1683407
1301,PLANT03,1683409
1302,PLANT03,1683415
1303,PLANT03,1683417
1304,PLANT03,1683419
1305,PLANT03,1683424
1306,PLANT03,1683426
1307,PLANT03,1683430
1308,PLANT03,1683432
1309,PLANT03,1683556
1310,PLANT03,1683558
1311,PLANT03,1683560
1312,PLANT03,1683633
1313,PLANT03,1683634
1314,PLANT03,1683635
1315,PLANT03,1683636
1316,PLANT03,1683700
1317,PLANT03,1683704
1318,PLANT03,1683739
1319,PLANT03,1683773
1320,PLANT03,1683935
1321,PLANT03,1684170
1322,PLANT03,1684330
1323,PLANT03,1684332
1324,PLANT03,1684559
1325,PLANT03,1684560
1326,PLANT03,1684636
1327,PLANT03,1684642
1328,PLANT03,1684647
1329,PLANT03,1684703
1330,PLANT03,1684709
1331,PLANT03,1684743
1332,PLANT03,1684755
1333,PLANT03,1684796
1334,PLANT03,1684808
1335,PLANT03,1684862
1336,PLANT03,1684864
1337,PLANT03,1684865
1338,PLANT03,1684866
1339,PLANT03,1685027
1340,PLANT03,1685028
1341,PLANT03,1685211
1342,PLANT03,1685212
1343,PLANT03,1685213
1344,PLANT03,1685214
1345,PLANT03,1685370
1346,PLANT03,1685760
1347,PLANT03,1686215
1348,PLANT03,1686401
1349,PLANT03,1686463
1350,PLANT03,1686754
1351,PLANT03,1686756
1352,PLANT03,1686758
1353,PLANT03,1687346
1354,PLANT03,1687384
1355,PLANT03,1687491
1356,PLANT03,1687521
1357,PLANT03,1687642
1358,PLANT03,1687643
1359,PLANT03,1687644
1360,PLANT03,1687661
1361,PLANT03,1687689
1362,PLANT03,1687774
1363,PLANT03,1688285
1364,PLANT03,1688288
1365,PLANT03,1688290
1366,PLANT03,1688292
1367,PLANT03,1688294
1368,PLANT03,1688571
1369,PLANT03,1688575
1370,PLANT03,1688587
1371,PLANT03,1688589
1372,PLANT03,1688598
1373,PLANT03,1688600
1374,PLANT03,1688610
1375,PLANT03,1688615
1376,PLANT03,1688621
1377,PLANT03,1688629
1378,PLANT03,1688633
1379,PLANT03,1688678
1380,PLANT03,1688824
1381,PLANT03,1689011
1382,PLANT03,1689012
1383,PLANT03,1689031
1384,PLANT03,1689032
1385,PLANT03,1689033
1386,PLANT03,1689142
1387,PLANT03,1689145
1388,PLANT03,1689146
1389,PLANT03,1689147
1390,PLANT03,1689296
1391,PLANT03,1689298
1392,PLANT03,1689469
1393,PLANT03,1689541
1394,PLANT03,1689543
1395,PLANT03,1689544
1396,PLANT03,1689545
1397,PLANT03,1689546
1398,PLANT03,1689547
1399,PLANT03,1689548
1400,PLANT03,1689549
1401,PLANT03,1689550
1402,PLANT03,1689551
1403,PLANT03,1689553
1404,PLANT03,1689554
1405,PLANT03,1689556
1406,PLANT03,1689601
1407,PLANT03,1689779
1408,PLANT03,1689780
1409,PLANT03,1689781
1410,PLANT03,1689782
1411,PLANT03,1689783
1412,PLANT03,1689784
1413,PLANT03,1689785
1414,PLANT03,1689786
1415,PLANT03,1689788
1416,PLANT03,1690001
1417,PLANT03,1690004
1418,PLANT03,1690006
1419,PLANT03,1690092
1420,PLANT03,1690100
1421,PLANT03,1690294
1422,PLANT03,1690327
1423,PLANT03,1690614
1424,PLANT03,1690616
1425,PLANT03,1690617
1426,PLANT03,1690619
1427,PLANT03,1690621
1428,PLANT03,1690627
1429,PLANT03,1690628
1430,PLANT03,1690630
1431,PLANT03,1690631
1432,PLANT03,1690632
1433,PLANT03,1690633
1434,PLANT03,1690634
1435,PLANT03,1691532
1436,PLANT03,1691544
1437,PLANT03,1691546
1438,PLANT03,1691548
1439,PLANT03,1691650
1440,PLANT03,1691700
1441,PLANT03,1692105
1442,PLANT03,1692106
1443,PLANT03,1692107
1444,PLANT03,1692108
1445,PLANT03,1692109
1446,PLANT03,1692113
1447,PLANT03,1692114
1448,PLANT03,1692115
1449,PLANT03,1692277
1450,PLANT03,1692333
1451,PLANT03,1692401
1452,PLANT03,1692402
1453,PLANT03,1692899
1454,PLANT03,1692940
1455,PLANT03,1692942
1456,PLANT03,1692946
1457,PLANT03,1692948
1458,PLANT03,1692949
1459,PLANT03,1692950
1460,PLANT03,1692952
1461,PLANT03,1692955
1462,PLANT03,1692956
1463,PLANT03,1692961
1464,PLANT03,1692974
1465,PLANT03,1692984
1466,PLANT03,1692987
1467,PLANT03,1692994
1468,PLANT03,1692997
1469,PLANT03,1692998
1470,PLANT03,1693001
1471,PLANT03,1693019
1472,PLANT03,1693081
1473,PLANT03,1693101
1474,PLANT03,1693104
1475,PLANT03,1693105
1476,PLANT03,1693117
1477,PLANT03,1693122
1478,PLANT03,1693192
1479,PLANT03,1693230
1480,PLANT03,1693453
1481,PLANT03,1693602
1482,PLANT03,1693618
1483,PLANT03,1693625
1484,PLANT03,1693626
1485,PLANT03,1693700
1486,PLANT03,1693740
1487,PLANT03,1693747
1488,PLANT03,1693865
1489,PLANT03,1694456
1490,PLANT03,1694720
1491,PLANT03,1695062
1492,PLANT03,1695138
1493,PLANT03,1695139
1494,PLANT03,1695345
1495,PLANT03,1695346
1496,PLANT03,1695348
1497,PLANT03,1695349
1498,PLANT03,1695687
1499,PLANT03,1695817
1500,PLANT03,1695862
1501,PLANT03,1695911
1502,PLANT03,1696073
1503,PLANT03,1696074
1504,PLANT03,1696075
1505,PLANT03,1696149
1506,PLANT03,1696210
1507,PLANT03,1696212
1508,PLANT03,1696214
1509,PLANT03,1696215
1510,PLANT03,1696290
1511,PLANT03,1696297
1512,PLANT03,1696298
1513,PLANT03,1696299
1514,PLANT03,1696300
1515,PLANT03,1696456
1516,PLANT03,1696482
1517,PLANT03,1696488
1518,PLANT03,1696654
1519,PLANT03,1696746
1520,PLANT03,1696747
1521,PLANT03,1696748
1522,PLANT03,1696752
1523,PLANT03,1696753
1524,PLANT03,1696754
1525,PLANT03,1696756
1526,PLANT03,1696757
1527,PLANT03,1696758
1528,PLANT03,1696954
1529,PLANT03,1697067
1530,PLANT03,1697071
1531,PLANT03,1697072
1532,PLANT03,1697080
1533,PLANT03,1697081
1534,PLANT03,1697082
1535,PLANT03,1697083
1536,PLANT03,1697084
1537,PLANT03,1697085
1538,PLANT03,1697086
1539,PLANT03,1697087
1540,PLANT03,1697230
1541,PLANT03,1697306
1542,PLANT03,1697443
1543,PLANT03,1697444
1544,PLANT03,1697872
1545,PLANT03,1697874
1546,PLANT03,1697951
1547,PLANT03,1697952
1548,PLANT03,1697954
1549,PLANT03,1698015
1550,PLANT03,1698131
1551,PLANT03,1698196
1552,PLANT03,1698898
1553,PLANT03,1698913
1554,PLANT03,1698924
1555,PLANT03,1698930
1556,PLANT03,1698977
1557,PLANT03,1698988
1558,PLANT03,1698997
1559,PLANT03,1699022
1560,PLANT03,1699135
1561,PLANT03,1699166
1562,PLANT03,1699172
1563,PLANT03,1699173
1564,PLANT03,1699184
1565,PLANT03,1699188
1566,PLANT03,1699214
1567,PLANT03,1699220
1568,PLANT03,1699231
1569,PLANT03,1699239
1570,PLANT03,1699241
1571,PLANT03,1699242
1572,PLANT03,1699246
1573,PLANT03,1699248
1574,PLANT03,1699249
1575,PLANT03,1699265
1576,PLANT03,1699268
1577,PLANT03,1699283
1578,PLANT03,1699285
1579,PLANT03,1699290
1580,PLANT03,1699298
1581,PLANT03,1699308
1582,PLANT03,1699310
1583,PLANT03,1699311
1584,PLANT03,1699312
1585,PLANT03,1699314
1586,PLANT03,1699315
1587,PLANT03,1699318
1588,PLANT03,1699325
1589,PLANT03,1699326
1590,PLANT03,1699327
1591,PLANT03,1699329
1592,PLANT03,1699333
1593,PLANT03,1699345
1594,PLANT03,1699353
1595,PLANT03,1699361
1596,PLANT03,1699368
1597,PLANT03,1699369
1598,PLANT03,1699371
1599,PLANT03,1699372
1600,PLANT03,1699378
1601,PLANT03,1699380
1602,PLANT03,1699416
1603,PLANT03,1699417
1604,PLANT03,1699418
1605,PLANT03,1699419
1606,PLANT03,1699421
1607,PLANT03,1699424
1608,PLANT03,1699425
1609,PLANT03,1699433
1610,PLANT03,1699465
1611,PLANT03,1699515
1612,PLANT03,1699524
1613,PLANT03,1699525
1614,PLANT03,1699526
1615,PLANT03,1699537
1616,PLANT03,1699539
1617,PLANT03,1699540
1618,PLANT03,1699546
1619,PLANT03,1699548
1620,PLANT03,1699552
1621,PLANT03,1699553
1622,PLANT03,1699555
1623,PLANT03,1699556
1624,PLANT03,1699557
1625,PLANT03,1699561
1626,PLANT03,1699562
1627,PLANT03,1699564
1628,PLANT03,1699567
1629,PLANT03,1699570
1630,PLANT03,1699571
1631,PLANT03,1699573
1632,PLANT03,1699574
1633,PLANT03,1699575
1634,PLANT03,1699576
1635,PLANT03,1699579
1636,PLANT03,1699583
1637,PLANT03,1699584
1638,PLANT03,1699586
1639,PLANT03,1699591
1640,PLANT03,1699623
1641,PLANT03,1699625
1642,PLANT03,1699665
1643,PLANT03,1699666
1644,PLANT03,1699670
1645,PLANT03,1699674
1646,PLANT03,1699675
1647,PLANT03,1699676
1648,PLANT03,1699682
1649,PLANT03,1699689
1650,PLANT03,1699690
1651,PLANT03,1699691
1652,PLANT03,1699694
1653,PLANT03,1699696
1654,PLANT03,1699697
1655,PLANT03,1699700
1656,PLANT03,1699766
1657,PLANT03,1699768
1658,PLANT03,1699769
1659,PLANT03,1699770
1660,PLANT03,1699771
1661,PLANT03,1699772
1662,PLANT03,1699792
1663,PLANT03,1699793
1664,PLANT03,1699794
1665,PLANT03,1699795
1666,PLANT03,1699797
1667,PLANT03,1699798
1668,PLANT03,1699799
1669,PLANT03,1699834
1670,PLANT03,1699836
1671,PLANT03,1699841
1672,PLANT03,1699842
1673,PLANT03,1699844
1674,PLANT03,1699946
1675,PLANT03,1699947
1676,PLANT03,1699948
1677,PLANT03,1699949
1678,PLANT03,1699950
1679,PLANT03,1699951
1680,PLANT03,1699952
1681,PLANT03,1699953
1682,PLANT03,1699954
1683,PLANT03,1699955
1684,PLANT03,1699971
1685,PLANT03,1699974
1686,PLANT03,1699976
1687,PLANT03,1699993
1688,PLANT03,1699995
1689,PLANT03,1700003
1690,PLANT03,1700014
1691,PLANT03,1700094
1692,PLANT03,1700097
1693,PLANT03,1700105
1694,PLANT03,1700118
1695,PLANT03,1700121
1696,PLANT03,1700128
1697,PLANT03,1700130
1698,PLANT03,1700137
1699,PLANT03,1700138
1700,PLANT03,1700139
1701,PLANT03,1700140
1702,PLANT03,1700141
1703,PLANT03,1700142
1704,PLANT03,1700143
1705,PLANT03,1700298
1706,PLANT03,1700360
1707,PLANT03,1700362
1708,PLANT03,1700363
1709,PLANT03,1700366
1710,PLANT03,1700382
1711,PLANT03,1700539
1712,PLANT03,1700557
1713,PLANT03,1700558
1714,PLANT03,1700569
1715,PLANT03,1700570
1716,PLANT03,1700657
1717,PLANT03,1700738
1718,PLANT03,1700769
1719,PLANT03,1700869
1720,PLANT03,1700870
1721,PLANT03,1700871
1722,PLANT03,1700875
1723,PLANT03,1700887
1724,PLANT03,1700958
1725,PLANT03,1700980
1726,PLANT03,1701405
1727,PLANT03,1701406
1728,PLANT03,1701462
1729,PLANT03,1701972
1730,PLANT03,1702016
1731,PLANT13,1621719
1732,PLANT13,1646392
1733,PLANT13,1646393
1734,PLANT13,1652883
1735,PLANT13,1652885
1736,PLANT13,1652887
1737,PLANT13,1653237
1738,PLANT13,1653969
1739,PLANT13,1653973
1740,PLANT13,1655985
1741,PLANT13,1661550
1742,PLANT13,1668716
1743,PLANT13,1669740
1744,PLANT13,1670498
1745,PLANT13,1672245
1746,PLANT13,1674181
1747,PLANT13,1674378
1748,PLANT13,1674380
1749,PLANT13,1679993
1750,PLANT13,1679995
1751,PLANT13,1680503
1752,PLANT13,1680961
1753,PLANT13,1680966
1754,PLANT13,1681376
1755,PLANT13,1681377
1756,PLANT13,1681379
1757,PLANT13,1683999
1758,PLANT13,1684005
1759,PLANT13,1684497
1760,PLANT13,1685076
1761,PLANT13,1685245
1762,PLANT13,1685246
1763,PLANT13,1685247
1764,PLANT13,1685248
1765,PLANT13,1685249
1766,PLANT13,1685250
1767,PLANT13,1685251
1768,PLANT13,1685253
1769,PLANT13,1685254
1770,PLANT13,1685256
1771,PLANT13,1685257
1772,PLANT13,1685258
1773,PLANT13,1685259
1774,PLANT13,1685260
1775,PLANT13,1685261
1776,PLANT13,1685262
1777,PLANT13,1685263
1778,PLANT13,1685264
1779,PLANT13,1685265
1780,PLANT13,1685266
1781,PLANT13,1685268
1782,PLANT13,1685269
1783,PLANT13,1685270
1784,PLANT13,1685273
1785,PLANT13,1685274
1786,PLANT13,1685275
1787,PLANT13,1685276
1788,PLANT13,1685277
1789,PLANT13,1685279
1790,PLANT13,1685280
1791,PLANT13,1685281
1792,PLANT13,1685282
1793,PLANT13,1685283
1794,PLANT13,1685284
1795,PLANT13,1685285
1796,PLANT13,1685286
1797,PLANT13,1685287
1798,PLANT13,1685288
1799,PLANT13,1685290
1800,PLANT13,1685291
1801,PLANT13,1685292
1802,PLANT13,1685293
1803,PLANT13,1685294
1804,PLANT13,1685295
1805,PLANT13,1685298
1806,PLANT13,1685300
1807,PLANT13,1685301
1808,PLANT13,1685302
1809,PLANT13,1685303
1810,PLANT13,1685305
1811,PLANT13,1685306
1812,PLANT13,1685307
1813,PLANT13,1685546
1814,PLANT13,1689460
1815,PLANT13,1689641
1816,PLANT13,1690143
1817,PLANT13,1690144
1818,PLANT13,1690145
1819,PLANT13,1690171
1820,PLANT13,1691756
1821,PLANT13,1691758
1822,PLANT13,1691759
1823,PLANT13,1691760
1824,PLANT13,1691761
1825,PLANT13,1691762
1826,PLANT13,1691763
1827,PLANT13,1691765
1828,PLANT13,1691766
1829,PLANT13,1691767
1830,PLANT13,1691768
1831,PLANT13,1691769
1832,PLANT13,1691770
1833,PLANT13,1691771
1834,PLANT13,1691772
1835,PLANT13,1691773
1836,PLANT13,1691774
1837,PLANT13,1691775
1838,PLANT13,1691779
1839,PLANT13,1691780
1840,PLANT13,1691781
1841,PLANT13,1691782
1842,PLANT13,1691783
1843,PLANT13,1691784
1844,PLANT13,1691786
1845,PLANT13,1691788
1846,PLANT13,1691789
1847,PLANT13,1691790
1848,PLANT13,1691791
1849,PLANT13,1691792
1850,PLANT13,1691810
1851,PLANT13,1693888
1852,PLANT13,1693889
1853,PLANT13,1693893
1854,PLANT13,1694270
1855,PLANT13,1694271
1856,PLANT13,1694272
1857,PLANT13,1694273
1858,PLANT13,1694274
1859,PLANT13,1694384
1860,PLANT13,1694385
1861,PLANT13,1694386
1862,PLANT13,1694387
1863,PLANT13,1694388
1864,PLANT13,1694389
1865,PLANT13,1694390
1866,PLANT13,1696017
1867,PLANT13,1696018
1868,PLANT13,1696019
1869,PLANT13,1696020
1870,PLANT13,1696021
1871,PLANT13,1696022
1872,PLANT13,1696200
1873,PLANT13,1696201
1874,PLANT13,1696202
1875,PLANT13,1696203
1876,PLANT13,1696204
1877,PLANT13,1696205
1878,PLANT13,1696206
1879,PLANT13,1697800
1880,PLANT13,1700089
1881,PLANT08,1663140
1882,PLANT08,1672344
1883,PLANT08,1672345
1884,PLANT08,1672347
1885,PLANT08,1672986
1886,PLANT08,1681878
1887,PLANT08,1681882
1888,PLANT08,1681883
1889,PLANT08,1681885
1890,PLANT08,1681888
1891,PLANT08,1681890
1892,PLANT08,1681897
1893,PLANT08,1691700
1894,PLANT08,1691701
1895,PLANT08,1696254
1896,PLANT08,1696255
1897,PLANT08,1696258
1898,PLANT08,1696260
1899,PLANT08,1696261
1900,PLANT08,1696262
1901,PLANT08,1696263
1902,PLANT04,1667123
1903,PLANT04,1680674
1904,PLANT04,1680682
1905,PLANT04,1680684
1906,PLANT04,1680690
1907,PLANT04,1680697
1908,PLANT04,1680699
1909,PLANT04,1680706
1910,PLANT04,1680712
1911,PLANT04,1680716
1912,PLANT04,1680718
1913,PLANT04,1680738
1914,PLANT04,1680742
1915,PLANT04,1680753
1916,PLANT04,1681972
1917,PLANT04,1681973
1918,PLANT04,1681977
1919,PLANT04,1683134
1920,PLANT04,1683140
1921,PLANT04,1683146
1922,PLANT04,1683739
1923,PLANT04,1683740
1924,PLANT04,1683741
1925,PLANT04,1683749
1926,PLANT04,1683760
1927,PLANT04,1683769
1928,PLANT04,1683773
1929,PLANT04,1683783
1930,PLANT04,1683795
1931,PLANT04,1683800
1932,PLANT04,1684170
1933,PLANT04,1684330
1934,PLANT04,1684332
1935,PLANT04,1684334
1936,PLANT04,1684634
1937,PLANT04,1684636
1938,PLANT04,1684637
1939,PLANT04,1684642
1940,PLANT04,1684643
1941,PLANT04,1684644
1942,PLANT04,1684645
1943,PLANT04,1684646
1944,PLANT04,1684649
1945,PLANT04,1684722
1946,PLANT04,1684724
1947,PLANT04,1684725
1948,PLANT04,1684728
1949,PLANT04,1684730
1950,PLANT04,1684740
1951,PLANT04,1684741
1952,PLANT04,1684743
1953,PLANT04,1684745
1954,PLANT04,1684752
1955,PLANT04,1684754
1956,PLANT04,1684767
1957,PLANT04,1684768
1958,PLANT04,1684771
1959,PLANT04,1684772
1960,PLANT04,1684773
1961,PLANT04,1684794
1962,PLANT04,1685107
1963,PLANT04,1685491
1964,PLANT04,1685516
1965,PLANT04,1685527
1966,PLANT04,1685603
1967,PLANT04,1685628
1968,PLANT04,1685722
1969,PLANT04,1686209
1970,PLANT04,1686215
1971,PLANT04,1686754
1972,PLANT04,1686756
1973,PLANT04,1686758
1974,PLANT04,1687191
1975,PLANT04,1687642
1976,PLANT04,1687643
1977,PLANT04,1687644
1978,PLANT04,1688078
1979,PLANT04,1688092
1980,PLANT04,1688102
1981,PLANT04,1688105
1982,PLANT04,1688106
1983,PLANT04,1688678
1984,PLANT04,1688695
1985,PLANT04,1688746
1986,PLANT04,1688750
1987,PLANT04,1689643
1988,PLANT04,1689644
1989,PLANT04,1689940
1990,PLANT04,1690043
1991,PLANT04,1693699
1992,PLANT04,1693700
1993,PLANT04,1695345
1994,PLANT04,1695346
1995,PLANT04,1695348
1996,PLANT04,1695911
1997,PLANT04,1696073
1998,PLANT04,1696074
1999,PLANT04,1696075
2000,PLANT04,1696214
2001,PLANT04,1696654
2002,PLANT04,1697306
2003,PLANT04,1697443
2004,PLANT04,1697444
2005,PLANT04,1697454
2006,PLANT04,1697938
2007,PLANT04,1697939
2008,PLANT04,1697951
2009,PLANT04,1697952
2010,PLANT04,1697954
2011,PLANT04,1698015
2012,PLANT04,1698044
2013,PLANT04,1698108
2014,PLANT04,1698128
2015,PLANT04,1698129
2016,PLANT04,1698131
2017,PLANT04,1699766
2018,PLANT04,1699767
2019,PLANT04,1699768
2020,PLANT04,1699769
2021,PLANT04,1699770
2022,PLANT04,1699771
2023,PLANT04,1699772
2024,PLANT04,1699773
2025,PLANT04,1699774
2026,PLANT04,1699946
2027,PLANT04,1699947
2028,PLANT04,1699948
2029,PLANT04,1699949
2030,PLANT04,1699950
2031,PLANT04,1699951
2032,PLANT04,1699952
2033,PLANT04,1699953
2034,PLANT04,1699954
2035,PLANT04,1699974
