Date,MAX_SHARPE,SPY
,0.0,0.0
,-0.047912511322763425,-0.014414723307493396
,-0.04044088430753055,0.0207995391831481
,-0.009662594072459419,0.0424354566522566
,0.03613497772865967,0.0301007784739421
,0.014211811539177728,0.008535767591928898
,0.06703772157689095,0.03867598409294609
,0.08569876314017076,0.007295682985016995
,0.02451992398211634,-0.0351288818444758
,0.06144633487680809,-0.0182112882984358
,-0.05411974109187904,-0.08569867867079559
,-0.09375450517053845,-0.078305283314698
,-0.058607589563881846,-0.04627707041662079
,-0.07750543497760222,-0.07822986023614209
,0.0041176220184363545,-0.06375412922218879
,0.06032111836351724,-0.05983541667807579
,0.0955082829196312,-0.046568024955764495
,0.10783956457177013,-0.0724593424660283
,0.10592633658558732,-0.09329978882464109
,0.12058193910683752,-0.09101310714536098
,0.11243800636119425,-0.07388021536156998
,0.07202928472757536,-0.059853450651024286
,0.12227592289134115,-0.08144189099090098
,0.16841470431700184,-0.044838621478440276
,0.2155608971421761,-0.05121454409036507
,0.26600743348587763,-0.04513088961070676
,0.2829467609802184,-0.037197909731238356
,0.263786899651633,-0.025020370630767258
,0.21241341843337747,-0.011646232581754354
,0.2749237047227956,-0.028392430054742852
,0.2637448414696206,-0.016889554055988455
,0.3521008720248216,-0.008964397454887356
,0.367029779305815,-0.031991615203882155
,0.3774725149478375,-0.03026206612123246
,0.39395004993334604,-0.04923148683597126
,0.39522606281026834,-0.06282393857416566
,0.39517640510127955,-0.06431292019174326
,0.39080343964774333,-0.08238050416149777
,0.3521246807087759,-0.10715297859262728
,0.3632243495663184,-0.13055324840504737
,0.36932893662410254,-0.14003673512182227
,0.4266284077894734,-0.12911452853620528
,0.43442064540101677,-0.10566974950602238
,0.4113111499146367,-0.12052532722199061
,0.4189017293216765,-0.1307933321262727
,0.461495492154821,-0.0963506988050957
,0.4460431774883339,-0.09503733341856789
,0.4039751151647421,-0.11028356251764748
,0.4098800325331384,-0.11177405831096017
,0.43839291766264,-0.10707518790889207
,0.4473306934581969,-0.11491876150880398
,0.41488011519895784,-0.12203125963839868
,0.3826813559520439,-0.17095204127898458
,0.3373627381704993,-0.1747207014901592
,0.33936056446959356,-0.19975144538063577
,0.21730300719252788,-0.30196539040043574
,0.1264011897605731,-0.4702530005117538
,0.14836902718860906,-0.41241051728140043
,0.10922832486265324,-0.4463595493628709
,0.14962994953828376,-0.4125173916693594
,0.12119412661777196,-0.37741118741440544
,0.10074007025843826,-0.41145144230115827
,0.07563451429596654,-0.440529655677989
,-0.07810559734921146,-0.5526527474664622
,0.04944467927648874,-0.5028694801281184
,0.017791908246676345,-0.5074331334088379
,0.15818642430235647,-0.44239617322494895
,0.10401091733066538,-0.4647315136686017
,0.0824878891116985,-0.4613662437598355
,-0.01345197431250169,-0.4831776290936417
,0.028362399520415305,-0.4426979052395758
,-0.0637434648091385,-0.43794387270778407
,-0.06708607247615711,-0.4779989753135966
,-0.07595384568327651,-0.5560440899869912
,-0.005692025638499909,-0.5181705264039901
,-0.0412434224148335,-0.5283801971999667
,0.010213007776032998,-0.5075908377881813
,-0.065869142978368,-0.5191269867397049
,-0.08458995464135619,-0.5753428161646307
,-0.10905050578949158,-0.5951501995622384
,-0.1685644955460657,-0.6881403986535574
,-0.1719396102338027,-0.7122242854920081
,-0.05739205454946979,-0.6210379289192859
,0.0034276807475128145,-0.5640192329616234
,0.03305564843743092,-0.5485398094807756
,0.03084957106915992,-0.5712526632658586
,0.11320374359316691,-0.5041315421078452
,0.1555094898194878,-0.48590323257858886
,0.14399090742603732,-0.4778940386469562
,0.19516074014757143,-0.5008130833632329
,0.12155736356466734,-0.4887038684477797
,0.10963883511141925,-0.42849854788356306
,0.06102708973589126,-0.40565381168903275
,0.009649587926701658,-0.44447035905528876
,0.06583634232584515,-0.4325781584783952
,0.08777591415016503,-0.44190259568671564
,0.11698049658308074,-0.38574175522475335
,0.05497832319244032,-0.3930427560542374
,0.0667382161968845,-0.38331974509705474
,0.03060404553798792,-0.4138616351729615
,0.05820040078466082,-0.4312638165437029
,0.09086251394600144,-0.4111607285087914
,0.03117538613734984,-0.4543872530665081
,0.06867747341034541,-0.431485302241635
,0.12878477494433457,-0.38772873666160956
,0.19469590487662636,-0.35091365687099124
,0.1649900840930864,-0.3510157923981772
,0.20663758428621212,-0.32025974294913767
,0.15820584754243433,-0.3173841781872591
,0.15271955322868505,-0.3193663386066354
,0.17535526571771287,-0.3173841781872591
,0.16835928733265682,-0.2960271514771423
,0.11207672081436452,-0.3252374551481239
,0.17038113884012898,-0.29825928077222996
,0.20377060215733364,-0.2757821380236364
,0.25887158505194346,-0.2574450880628714
,0.23763937837286836,-0.27359805283627736
,0.24726117736159112,-0.2680901070574943
,0.2604707147425653,-0.26884851608057925
,0.2843729948948637,-0.248489856768667
,0.34679044689341765,-0.23731578204508189
,0.329209660939703,-0.23328281161642048
,0.26284382351592905,-0.2793280629867247
,0.2714997781462831,-0.2770320604932382
,0.35064191829467994,-0.23109029098000927
,0.3651294068138007,-0.2306337803623797
,0.3629215698530538,-0.2288112667677722
,0.35834202664678083,-0.21470586120476617
,0.36866064147689337,-0.21587391330851669
,0.34977795297344416,-0.2307252471253576
,0.37913733327621635,-0.2103163480229238
,0.4208100653613194,-0.21989668853415686
,0.461152179751812,-0.1995089858254415
,0.43868890294044405,-0.2087986162342589
,0.4299584082192439,-0.1844207582530181
,0.4262246018834038,-0.180662082179871
,0.43330764918358927,-0.18705170616381062
,0.3902192000095762,-0.22809680706955163
,0.38299905571310494,-0.23038670782176782
,0.3406606891843407,-0.2526382175631882
,0.3568245984142835,-0.23895048153985185
,0.40565789631783844,-0.21356554886890894
,0.3957831722843226,-0.21437751697325655
,0.4102614847850415,-0.20200185437961124
,0.4276276296303039,-0.18372018391696074
,0.4438105050741736,-0.17336043303688883
,0.44481250029860214,-0.15976878840863867
,0.43786348907125655,-0.15736945077572273
,0.44004133036601845,-0.1525879772154433
,0.44959751783542634,-0.13871486901996655
,0.44978642255046375,-0.13285219823905534
,0.43471086331093906,-0.13603068094617615
,0.44944687746905043,-0.12221920324757696
,0.44808725325255794,-0.13586312725604055
,0.4436735797462381,-0.15156630754149036
,0.43323183608498683,-0.16320638241144297
,0.4086893968691531,-0.1829419686810817
,0.3486125860830616,-0.24031195325892893
,0.3936539335753002,-0.24375880223113372
,0.4206957994986544,-0.21469917014845763
,0.38324905846690066,-0.24890400239019886
,0.41447317305983084,-0.22215914878169965
,0.4369371428332838,-0.19734360735750064
,0.4055443785578928,-0.23668203796716109
,0.3788293261529939,-0.2765656715092603
,0.39394305577831085,-0.24895228593110189
,0.44110526162408825,-0.21604381181377535
,0.4069109169670495,-0.2378927680954456
,0.45549221986604177,-0.2092279627869449
,0.4592689845225605,-0.21031528213989517
,0.46376979001623114,-0.18630601448073508
,0.467534402271277,-0.1915425400809544
,0.4550125698623664,-0.22889288459604812
,0.4766732104107838,-0.2356583322703721
,0.460833346111501,-0.25727992457904497
,0.49178613546838884,-0.22704707340540528
,0.5265832798934201,-0.2092279627869449
,0.5312190860592787,-0.18914297120003487
,0.5413982819842627,-0.17005016371477447
,0.5472322087602013,-0.1647237176372624
,0.5516161354433384,-0.17075129760454502
,0.5680897647947483,-0.1542403422803358
,0.5863756852250157,-0.14582987333728215
,0.591217264906329,-0.13503459453111497
,0.6237918041020136,-0.13444301725465904
,0.6283921468817466,-0.13402040580765015
,0.6457072245668543,-0.12101408209338443
,0.6686276870653507,-0.10727019678786504
,0.6826649095707067,-0.12034760572718294
,0.672928686155894,-0.11818362780669231
,0.6761852526419756,-0.130647650945508
,0.721501309115371,-0.09948869860026593
,0.6990008043235958,-0.09363115311323643
,0.7073631195816262,-0.08241903620025112
,0.724241988166389,-0.07773558681772001
,0.74647363520548,-0.06934364249000051
,0.7392913223956094,-0.0685482135999038
2011-01-06,0.7585964636326903,-0.055590675133192505
2011-01-12,0.7603994055835324,-0.04629267531389391
2011-01-19,0.7542914976809616,-0.04886228338821051
2011-01-25,0.7377951063377354,-0.041714466477505506
2011-01-31,0.7549206046558707,-0.04551521442028621
,0.7904156157866133,-0.02650196655690381
,0.805171064144208,-0.01762045260930151
,0.8077644836976289,-0.00612381104830501
,0.7681633449679511,-0.02749387739672881
,0.7661333635590064,-0.02818104212338161
,0.752992657067489,-0.02436952015311921
,0.7307699338650733,-0.028868679370113514
,0.7150205034717587,-0.05198621503034871
,0.7370516916445494,-0.03359351837315961
,0.7514476513133125,-0.01676841169435531
,0.7836084463159833,-0.006207095660188412
,0.7812422909127172,-0.009213094285513812
,0.7766851359130845,-0.019045999697039243
,0.7886304758299392,-0.007408178967956045
,0.804452910722565,0.011716202120261456
,0.8035946288786382,0.012158510868147857
,0.8257769187956131,0.0046893975234787565
,0.8072359741261721,-0.00037096248920964227
,0.8368124754717694,0.004392407577074359
,0.8138666146691782,-0.012756908347970738
,0.8143595934482297,-0.016692659427651337
,0.8054877434897252,-0.03900700966960174
,0.7817589476218332,-0.048825476348281535
,0.780404224123232,-0.048982992777102836
,0.8098802508793463,-0.03919232899643794
,0.8376720039170644,-0.02050634782652594
,0.8625750192107173,0.004052175845667461
,0.8350603705135357,-0.01531752789257004
,0.8199660081668214,-0.02134783086334384
,0.8164226756200249,0.008595069738412961
,0.7675866443227273,-0.024338397361534838
,0.7384117986572509,-0.05593344673871284
,0.680213100142436,-0.12729563422001314
,0.7205748695659664,-0.10091867130704082
,0.6699301764743836,-0.16936682866186592
,0.6878610727550573,-0.1375625584786807
,0.7411218972231906,-0.0877410833418101
,0.7479032647634429,-0.10365813539838589
,0.7279630375687093,-0.1250846919030344
,0.7456792756796812,-0.0983316104648608
,0.71309165929397,-0.156248046844852
,0.7066433365837382,-0.13438250388141249
,0.6954480921765561,-0.14852767013138096
,0.7011843292709247,-0.10341489982281436
,0.6941003826771397,-0.09899676062222086
,0.7318281365528965,-0.06836377064926957
,0.7648423413819239,-0.03146321851368506
,0.7341893764780325,-0.06820232428057427
,0.7468712850623049,-0.03731094334780687
,0.7215588542181997,-0.05641652490844086
,0.6942328722005306,-0.08454646251418385
,0.6255792402280047,-0.13188628949786954
,0.7375938769057303,-0.06032955816890313
,0.6862882354878651,-0.04634446722546394
,0.6178561775833231,-0.07581248763009255
,0.5631686939267498,-0.09217580194192165
,0.6423886391966281,-0.04270897006189495
,0.615224734552391,-0.04977548627218986
,0.6759272334882638,-0.03231910569167516
,0.493311811587981,-0.018323295524489164
,0.430944952191853,-0.0033784362741074627
,0.4853879565474609,0.004953784073194137
,0.4421360620562197,-0.004443885248074063
,0.49226863395645043,0.019110965809531436
,0.4931626333174395,0.01844118160517264
,0.5484993245098241,0.030941322863851334
,0.5470890349277534,0.03519518609445674
,0.5314439188576932,0.038045857867795435
,0.5011734450207006,0.021339946137945737
,0.4982144618863407,0.042124144188277216
,0.48868454916752896,0.06607453344950581
,0.4301522852538895,0.05820309928219522
,0.43868165534063747,0.06728559183995811
,0.42983499569434475,0.07289381837047391
,0.40150989681564303,0.03421090339142363
,0.36527545865493827,0.04263756467409053
,0.3853832791856651,0.04918284097270033
,0.4760378549932994,0.06507608880190632
,0.5277095592430994,0.06621695232589313
,0.5094136293322602,0.03898227996399113
,0.5416976144407682,0.020951655074599933
,0.5143534957820691,-0.012176061356176366
,0.5697522106199424,0.009100529517269933
,0.5734101630500467,0.0010701461005124327
,0.565375444891667,0.004866044999831131
,0.5681749123057509,0.012039044914949532
,0.587797542827877,0.028280156956404533
,0.5906985246288131,0.02126145444111554
,0.5951581606645937,0.016228456092765936
,0.6217883214184469,0.04590644898667824
,0.6062560133202066,0.026492594417778143
,0.6055899224931923,0.042758120247839045
,0.5660603253596626,0.03340060097696514
,0.5780823312699885,0.05962859683007214
,0.5688240088029387,0.04480926735236224
,0.5866998517034105,0.07259579568153346
,0.5829425629409682,0.07472885227207696
,0.604805390269557,0.08462343865915888
,0.6020013281996773,0.07983007271953337
,0.5914925016917817,0.07259579568153336
,0.6246443348196061,0.09567451616649576
,0.6120709254542545,0.09997766841718528
,0.6360682286954206,0.11530368520334618
,0.6399216601930506,0.11398979492670476
,0.6126510329283236,0.10238834901354446
,0.6252673732335151,0.11728031505305356
,0.6223465691432177,0.09758446916885231
,0.6494233825616393,0.11323457962506692
,0.6567214920069038,0.09849124887707163
,0.6384022035285116,0.08402267737912414
,0.6387557033612068,0.08755366105061553
,0.659906205174151,0.06119608129356964
,0.6526353686114654,0.04323034017389014
,0.690073604542356,0.07048963921537393
,0.6971767380409438,0.08480060126265403
,0.6799576001862745,0.08331494230066792
,0.6816851639404956,0.09191480455085484
,0.6826500095357312,0.08931468590288594
,0.71715160488732,0.11034465923883945
,0.7268147269615461,0.09257462171427965
,0.7432073184478974,0.12160647771494275
,0.7556343948507163,0.12290925928714963
,0.7596546354030592,0.13075953638181803
,0.7575181848193847,0.14466959238154822
,0.7696573035571903,0.15095314821270062
,0.763199173279411,0.15871901968734783
,0.7724583635455557,0.15686577063491172
,0.7860228152802404,0.16471778193991105
,0.7571943727079712,0.15937978670636405
,0.7911433736595672,0.15061962106159454
,0.8220313841748287,0.16976574811426426
,0.8409891741856692,0.18611064921615766
,0.8428589062104687,0.19437584389364837
,0.8529521042382985,0.19215569576569735
,0.8601744248984708,0.19536218049988302
,0.8716106435769676,0.19938734034304612
,0.8623951408054188,0.1954904062341819
,0.8735103957066378,0.211934299947531
,0.8532681566729947,0.1821500106463293
,0.9072088641933738,0.20612425984101782
,0.933910808019947,0.21746052623901832
,0.9491876034725066,0.2305257459213208
,0.9600512889457518,0.2405511619363731
,0.9796264069124261,0.25229230737030445
,0.9739146736922434,0.25585464525746665
,0.9808642991408055,0.2515668971412945
,0.9851095352655461,0.24146881373089576
,0.995702415267818,0.24902128437411217
,0.9810630009567196,0.23914273030042266
,0.9724828424287711,0.21570561320128123
,0.9806192204323162,0.22561462221439704
,0.9977098216814608,0.23227415066796325
,1.012559078169893,0.25629925541968684
,1.0434761614500196,0.2744226086952849
,1.0402356784618494,0.2804703802289588
,1.02384186622037,0.2790506749944469
,1.0125277172837686,0.27774759640447055
,1.023501662411257,0.2837749194008189
,1.0354643044449914,0.28011537087360516
,1.0143550419327172,0.260529085877406
,0.9998901499433156,0.2619152698691577
,0.9692989125022838,0.248884141983622
,0.9938041134337109,0.2600466192786926
,1.0406846476178704,0.2786950522438048
,1.031076026824334,0.28718642904770947
,1.048709360067896,0.29445343836276366
,1.0612076277948923,0.2884021875502095
,1.0644482966200908,0.2853917220205062
,1.0366167772726635,0.26327862587739503
,1.0877536344423302,0.2957411542727425
,1.1049824680788751,0.3157229758306161
,1.1399108875965547,0.3200712926721062
,1.1441937344560327,0.32655888340437705
,1.1427422155803306,0.32644547536493407
,1.1530731352378998,0.3323848661105624
,1.1819159772841485,0.34766304900540845
,1.1869632313888052,0.346885512724696
,1.1762514289908137,0.3535886953462768
,1.1448087846134312,0.34588442476103964
,1.1459739357358405,0.35154351087521024
,1.1473988986263821,0.34304308212222817
,1.167415775238801,0.3614291444807195
,1.1738816788408135,0.37396309155573193
,1.1837046800159996,0.3687278419469167
,1.1591566343734363,0.3728203133390118
,1.1583909939976231,0.37835939152800535
,1.155441128594236,0.376407866144211
,1.1305169562127282,0.3476197328243274
,1.1105895685678624,0.3198747691105456
,1.1420410317828298,0.35102043872679367
,1.1492500274775315,0.36938372410353254
,1.138874900941066,0.3753220814430073
,1.1328526211188548,0.37938761098224183
,1.1732879819726467,0.3940484002594055
,1.1925298997424034,0.3971358028868335
,1.1656990334342583,0.37835939152800485
,1.1715078211064252,0.39495462586776725
,1.1298973606967249,0.3844405824150089
,1.141989611046526,0.40201786803004813
,1.0707393659097457,0.3810288157279174
,1.051196440089514,0.3655576255795797
,1.0962061398847436,0.3920881845930179
,1.0895972046343925,0.39978410985213164
,1.0749774072818885,0.4023361843339963
,1.0828736078694443,0.3941782718517201
,1.110429513162454,0.4101652515033091
,1.0836567976977816,0.40095482806661953
,1.105306919588407,0.4091108418966867
,1.104362437516303,0.4236675680223269
,1.1077258203919325,0.42792114429863903
,1.1131101323575812,0.4403185213768875
,1.0998197940530698,0.4335989486022293
,1.1060859811846695,0.44683570779501236
,1.1195609073470203,0.4442806586229042
,1.1415510026119011,0.4533976936285956
,1.1316602981810138,0.4528398952340907
,1.124149304503932,0.4533976936285956
,1.1320265366704196,0.45395499820575713
,1.1252007804792752,0.4558790322236895
,1.0981242726689437,0.4321835213883519
,1.076155302972966,0.4268871797461524
,1.0817418143122712,0.4344596993159393
,1.1160671200892291,0.45405693286627663
,1.1259172975545237,0.46328622769855454
,1.122318536120664,0.4680442083554895
,1.1316027515827993,0.46839409698866097
,1.1468643294467564,0.4676943776140985
,1.15737375178463,0.4697414933238187
,1.1435812091592081,0.46774902419187875
,1.1408477641170887,0.46145281477367256
,1.1194651714744095,0.44350583855433234
,1.140231513588978,0.45506557143465876
,1.062562065346779,0.4085356231346242
,1.100697909866524,0.422292832217037
,1.1331225062430497,0.45399650469380287
,1.1779386100295521,0.4689032987583378
,1.196701211817658,0.4836400436296998
,1.1994246530116408,0.4926928063551118
,1.2013854460959292,0.4936224660861923
,1.1971023166146733,0.5048623369109083
,1.22498194240335,0.5073751094910285
,1.2300494695050612,0.5095929617923212
,1.218176565907109,0.48768470322299734
,1.1962057833959248,0.46150299436535264
,1.2420989554674096,0.5141815800937979
,1.2345628456072577,0.52018813559513
2015-01-05,1.2177612755459044,0.4860753536465084
2015-01-09,1.2470456062240944,0.4985395261906453
2015-01-15,1.2314623939166822,0.47259984090992324
2015-01-22,1.2567651754717446,0.5075564934720975
2015-01-28,1.2534077987181045,0.4782118336332714
,1.2423416808627628,0.5014238301710853
,1.242293050284107,0.5003983295216193
,1.2861566341742465,0.525254174815999
,1.3010001419662554,0.5321897080327065
,1.3058662665690313,0.5328521588612118
,1.3075333820345687,0.5273970049879473
,1.305993520321294,0.5021074072098706
,1.3747948626328486,0.5195171536711036
,1.3881081597720124,0.5327064877476297
,1.356003845778613,0.5079748597488161
,1.3578922228483805,0.5100672678735335
,1.3649230004354083,0.521090285420704
,1.3826263143972728,0.5283245904716658
,1.3805791483805805,0.530041459676145
,1.3783377285980059,0.538582791566671
,1.320717353871136,0.5233958414804527
,1.316691761358804,0.521379027186455
,1.3389354346636997,0.5306606271553975
,1.348564229019876,0.5454102904790104
,1.3468101287013516,0.544893858577914
,1.333044636861725,0.5361698884356089
,1.3165793214277937,0.5313749461232088
,1.3161333210584274,0.5352697838063442
,1.3092838171735228,0.5319460172303131
,1.3219084024458327,0.5445683227256225
,1.3108310016707478,0.5347510385478212
,1.3043054307731554,0.5227162550233823
,1.2864642640556518,0.5110230639575015
,1.3160698440115917,0.5385091986777939
,1.2830637102094444,0.5439073234650087
,1.2442384882984325,0.5202046498196755
,1.2655654294782626,0.5379867519226837
,1.274735665461972,0.5277203650268542
,1.3084118880685325,0.5304523044244581
,1.31467740468475,0.5355133402028628
,1.2135104307212052,0.43289022490101187
,1.2481338406754448,0.4832119021305201
,1.2398953144887324,0.46431727438728887
,1.2446157286432424,0.46585015434119953
,1.2707628037937464,0.48771785025088593
,1.2180150820361895,0.4610806086804708
,1.172005973477067,0.4301813807137822
,1.2454420581417682,0.4666859460690254
,1.2578380183640268,0.49803557437393625
,1.244910387175651,0.48844760196050047
,1.2560431093208464,0.5074339567291202
,1.2902854774708268,0.5264054633528246
,1.3268282774709288,0.5308877003037291
,1.3234666388875995,0.5415079192532228
,1.3281804729415785,0.5299736752499138
,1.3098246662754118,0.5189866574948686
,1.3514903462580732,0.5363556384464377
,1.340144125311623,0.5345363124164293
,1.3335819597307637,0.5389825012512383
,1.3334419653832075,0.5209310913425261
,1.3167723538858185,0.5313686846118657
,1.3348420693911554,0.5152861784501213
,1.3293707375237631,0.534269400747338
,1.3303552523954962,0.5047147900082368
,1.3005449219989698,0.4576884358426914
,1.2612718770232976,0.43505122811355307
,1.2828708858100073,0.44937744879240105
,1.2327094716733058,0.4419487507247308
,1.1753139073165288,0.4534631889055514
,1.0792370834808918,0.4222977392856522
,1.1243548512421586,0.44548565406050283
,1.1472808973847048,0.47149088392011823
,1.1638438454486433,0.473081074643146
,1.2315618791990757,0.49683677219206374
,1.246487668139922,0.494832936485531
,1.2486456502747385,0.5087289323413258
,1.2625613126391622,0.5261635058345373
,1.2532548408401574,0.5191521572827603
,1.2168870860382588,0.5370968634086434
,1.1968170690605204,0.522639692615701
,1.211148083001684,0.5423025855613759
,1.1713583113911905,0.5513958556574973
,1.1985998616206681,0.545231055067756
,1.1505137883608512,0.5342414738232366
,1.093545214226374,0.5276282176441423
,1.0982094391596016,0.5350649482535945
,1.0870503944404406,0.5270426073372494
,1.0833956154683817,0.5287987497748244
,1.106557605537484,0.5530144809040186
,1.1387900477774893,0.5532044966494022
,1.1536201541685087,0.5617281460110194
,1.141390539632852,0.5410999166323263
,1.1518516298236963,0.5496026321686577
,1.151964307235832,0.5062667654888401
,1.1804377281847171,0.5566780225704487
,1.1766583276567704,0.5695990030527577
,1.1680276840279833,0.5857854751253684
,1.173060690934496,0.5902634892489558
,1.177827815381865,0.5886960232967222
,1.1734583126241958,0.5895723123089992
,1.1404791295163872,0.595271855199963
,1.1363661085900338,0.5974236780219881
,1.1333146939511718,0.5961426412113157
,1.1390867947465777,0.5988862670870595
,1.1332640097130768,0.5960966414241755
,1.1333300673132798,0.596142641211316
,1.121298551899633,0.5725574631107393
,1.1310112029608526,0.5818910905582775
,1.1737777621267103,0.5894349138053411
,1.1665733901044772,0.5882758159024487
,1.1347623088197516,0.5892495835378511
,1.1069885699334021,0.5858141626249842
,1.124328259018261,0.5763291058121783
,1.129071747910667,0.5822739426501412
,1.1302164411493232,0.5817601955196194
,1.1456586194727838,0.5741674355328662
,1.1251351040532755,0.555169186388453
,1.1056069022556285,0.5945189167830522
,1.1204462073450472,0.5988886398100466
,1.1359089912604208,0.6112507405211104
,1.127940958323088,0.6127456788250881
,1.115873927113914,0.6131531576462141
,1.1356530779986929,0.637779198337305
,1.158954383122161,0.6391027675080478
,1.160022720457547,0.6403839184807449
,1.162955787477649,0.6342973301221992
,1.1569720712857634,0.6439652160246826
,1.1786436745590776,0.6434353135609945
,1.1720790337866378,0.6425075541188586
,1.1967144077396796,0.6420655080906323
,1.2482471093641467,0.6544579629810395
,1.2692171104655234,0.6492035786904057
,1.2953763634435018,0.6556365854961194
,1.2832753755641748,0.6749052527878311
,1.2950214668662372,0.6867728429355522
,1.2836970167479138,0.6893912521452299
,1.2773679990916005,0.6949007114599176
,1.2767979469225672,0.6883362492468658
,1.3090936369030894,0.6971213598726883
,1.2921342580818196,0.6793744004424458
,1.3025711800511193,0.6789040425771372
,1.3127001533377218,0.6879372339326505
,1.2903437744364197,0.6866639649025666
,1.2765417379568755,0.6806573433939328
,1.2927400533380178,0.6781329918302471
,1.3244277702704426,0.6997869952371802
,1.320330460372198,0.700331676403449
,1.3130728657195336,0.7045962241936915
,1.3441435109149173,0.7032601438791195
,1.322598063351044,0.6882765806850966
,1.345859932388648,0.7060551568009684
,1.360333524826496,0.712077570607723
,1.3691271509703464,0.7223353362864259
,1.3351867350652122,0.719955290472169
,1.3152779465435682,0.7214331449494903
,1.336363592399665,0.7229282410703183
,1.3232226247730319,0.7162380591295032
,1.3114207934877504,0.7198777874485666
,1.33228925962488,0.7205379824906795
,1.3541355544378602,0.7336140531189212
,1.3678982321110882,0.7398660239446455
,1.3789490563603248,0.7412004853611681
,1.3697009795394808,0.740755725465168
,1.3791029508592585,0.742977070123932
,1.3668113315519725,0.7277327789684049
,1.3764837918388542,0.7235045256460974
,1.392154189487865,0.7295333610177126
,1.3988722064716563,0.7307185713124155
,1.4051443372720462,0.7356481026106674
,1.4138784910848423,0.7483688141212839
,1.39147519990123,0.7532388793863849
,1.3679358785246103,0.754041190181951
,1.3642334444231494,0.7566840148355816
,1.3791292898488148,0.7678592006983525
,1.3914542965044616,0.7721604024269322
,1.4066451315470376,0.7760907439128112
,1.4345644049968485,0.7793799991953633
,1.4429987799501776,0.7774234111760492
,1.485758670113787,0.7846826212522139
,1.5305922437202577,0.791271992630262
,1.5328044031361177,0.7883313350708075
,1.5287088740542267,0.7903830359677255
,1.5304492677863661,0.7947815114961192
,1.5104183945726297,0.8060740496291268
,1.4930164406567494,0.8078993858443881
,1.5077022015791235,0.8196843036470445
,1.5183437066586631,0.8255335042341571
,1.5162192286436134,0.8295400751965069
,1.51252288082021,0.8306237173075248
,1.5239519241999981,0.8444889320340884
,1.525393327195319,0.8536875778646875
,1.5412557390189203,0.8735177902263143
,1.550195190532617,0.8865927783159658
,1.545132994549136,0.8914874568518237
,1.5125858051041836,0.8585276353952027
,1.4468631843201338,0.7916461259752917
,1.5098576204047451,0.8370239870765007
,1.5275790866782164,0.838728783081761
,1.5399742122263496,0.8548180032767174
,1.542947022298693,0.846622196629154
,1.5679084879966376,0.8708674133644854
,1.5821415623485107,0.8568928908530424
,1.5815367449806577,0.8441319548418459
,1.514859418193617,0.8071055061869683
,1.5103381043745971,0.8077572964953637
,1.505065283829274,0.8086389640183407
,1.5396424647425877,0.8244145990697271
,1.5569909655425624,0.8384210959801858
,1.5283161134192937,0.8186654929365629
,1.521231748243554,0.8237730108944633
,1.5532266216479997,0.8310677560199446
,1.5823193435534844,0.8530410112371573
,1.5849376867486789,0.8499575756644493
,1.6006720728240402,0.8549083160058819
,1.6110944252953647,0.8521608765888492
,1.6188257058871132,0.8612534639959836
,1.605970583875751,0.8737523226898106
,1.5694886041718676,0.8730858373701436
,1.551137515322114,0.8626029950249833
,1.545590710728779,0.8446108035401007
,1.5353204651286674,0.8503487073521787
,1.547095208978375,0.8794524873407199
,1.5269978647627729,0.8810284867311479
,1.5260515887448218,0.8822452744000835
,1.5958670907290193,0.8952467809253081
,1.5803375774504984,0.8864552727625833
,1.5892157772175284,0.9031212828948877
,1.5772037664611376,0.8908608653320178
,1.5523110705109802,0.9012988131338241
,1.5918141643372774,0.9038562680629258
,1.6033178151087526,0.9235704949908051
,1.5795736024779912,0.9151296711624272
,1.563779964833401,0.9151987309685344
,1.580727873806397,0.9162014629265207
,1.5674980900206936,0.9298352555381125
,1.5807822919507573,0.9253730592863713
,1.6085742456834184,0.9289102474985377
,1.5855566433065,0.9139907072471706
,1.493930764513566,0.8677024205997035
,1.4343009793248775,0.874421846605372
,1.3784743833130058,0.851833896621701
,1.4112160823837534,0.8538681542790658
,1.4071489131005346,0.8703230253899943
,1.3603912408494925,0.8610112348219661
,1.343561208346155,0.8652579462641664
,1.3036297683553755,0.8262197722145636
,1.3147237118510704,0.8661708294082082
,1.3386529784932868,0.8509447074547954
,1.353190451646804,0.8345799946167142
,1.317007302369204,0.794692884674379
,1.248127020994516,0.7157111941947079
,1.2850634914780472,0.7800792725512119
2019-01-07,1.278809078790208,0.7977675351572586
2019-01-11,1.311092719052253,0.8156890379937939
2019-01-17,1.325833941108454,0.8309402718619339
2019-01-24,1.344857061354152,0.8331813220238374
2019-01-30,1.339617126940519,0.8483569442086346
,1.3699737545932622,0.8687766063956245
,1.3848419646213683,0.8596539463718593
,1.3823257202115027,0.8842906594589112
,1.392719166076423,0.8906518748292185
,1.3826359080726354,0.8890024014759806
,1.3862115610788566,0.8841462961673672
,1.4106220846244613,0.8919049271824668
,1.414790862000343,0.9064098741288614
,1.4181013163619964,0.8954410557000674
,1.408279096806315,0.9006554139809297
,1.4085359521095218,0.9207926168419687
,1.4108076850737323,0.9238951301620228
,1.410980162069738,0.9331107933584932
,1.3938923770937885,0.9341449431986428
,1.4002137694877403,0.9449044606967693
,1.3968096818644045,0.9372750486688288
,1.3615882082776474,0.9246605774970935
,1.3796959441934178,0.9101928752385421
,1.3904614144989123,0.91213140983724
,1.4085981625323634,0.9080025728528037
,1.3897217074695913,0.8810857468556762
,1.438377135332376,0.9151203321581262
,1.4214374615631955,0.9276470679954641
,1.430199329204561,0.9414558377524848
,1.4377886939837128,0.9505396257772835
,1.4659834714531104,0.9483577377391487
,1.48113106051007,0.9668211756329272
,1.4931020895841505,0.9696651143839894
,1.4641136259339518,0.9644059250963612
,1.4486153599656444,0.972067929040008
,1.3810910304429451,0.97682248729569
,1.4112162546733904,0.9470599402913639
,1.380777393584219,0.9504716285574637
,1.3503520021257414,0.9168074311271837
,1.3807599731533096,0.9383765489246633
,1.3486861067406064,0.9311457145769907
,1.383779832614484,0.94647907442075
,1.3997982754767468,0.9654466022589292
,1.4248044365186527,0.9762582257049256
,1.4520186475903187,0.9756277715601591
,1.4259657467487483,0.9627125526680071
,1.417854423757053,0.9657500342436026
,1.3983752850489808,0.9575621206285404
,1.3574290424977031,0.9537839796042746
,1.3561457033038316,0.9712274097296235
,1.3775057166828197,0.9732696223964776
,1.3762854400022342,0.9875149338476871
,1.3742408819232241,0.9968351399425888
,1.351492046401906,1.0034767224309424
,1.3542750266808246,1.006457559777808
,1.3517001709087229,1.015571350028681
,1.389707801589754,1.0201773172872677
,1.381330199035763,1.014641488951021
,1.3944426266401437,1.0249525746389068
,1.3744715599974147,1.0321044128149859
,1.3740839813903631,1.0398315991323075
,1.3732577077033348,1.0498546284514692
,1.3921578659448572,1.0518138677927087
,1.3620814669245305,1.054513141074202
,1.3873538278008617,1.070558329279774
,1.4069095392842872,1.082681443794664
,1.411178909845627,1.0730554460107855
,1.3954820816470765,1.0697345462644046
,1.3890172490040675,1.0854189765702535
,1.3901024665033397,1.0926034714046107
,1.4161942065427293,1.0969784610425017
,1.4094183163157197,1.0535522529374066
,1.2899483521808848,0.9689345661263304
,1.359061830231046,0.9896458718587879
,1.2148065794439349,0.8921381955883205
,1.0162323811140541,0.8102956881266283
,0.7455717759013931,0.6905077134935568
,0.9544904535264459,0.8186083539793614
,0.8122759899930942,0.8123145527541654
,1.0026928249306108,0.8967976922068694
,0.9983628804290681,0.9103176555769354
,0.9475957602926908,0.893178568282474
,1.0209005783778482,0.9432165003563068
,0.994541940730741,0.928265031657034
,1.0098348866312996,0.945408839561769
,0.9248593618374936,0.9240478094204533
,1.0070303898054842,0.9602113018674975
,1.1114991117878987,0.9842710941107329
,1.201317320819064,1.0056735853242542
,1.1829583907283292,1.049816438357602
,1.1792268407227082,0.9893739054452309
,1.2223077196420042,1.0254729891459777
,1.2524911127870584,1.0311144491099378
,1.2322392613919888,1.0064906022705613
,1.2743999105041184,1.0470105688365208
,1.2786621907826798,1.0487120232369551
,1.275906376259462,1.0587377645624714
,1.2991801483812828,1.0774829875737644
,1.2933121560587646,1.0599217493471111
,1.3315152748744754,1.0833703057760444
,1.3049954913111945,1.1007972346212687
,1.2940141312240705,1.107529165246111
,1.3087994664761615,1.1087163691935795
,1.2898111944594248,1.1289414476999027
,1.300355124933312,1.1439108084176222
,1.2330756627503243,1.1244271203723764
,1.1925261164513312,1.0992716856983358
,1.21609041089288,1.1045859310739066
,1.2122593941734896,1.0684832075345692
,1.235483348631674,1.098194859182692
,1.257983357673314,1.1201853953756333
,1.2637046858492964,1.1408384894415646
,1.254519869466207,1.1427107825404206
,1.229842041882689,1.1288889371265518
,1.234861570102561,1.1156425980660054
,1.1353381534128613,1.0916445922894291
,1.2207005985313086,1.1503363449823083
,1.176221319675036,1.1590088989683305
,1.12656091560279,1.1676629554252895
,1.1540763195803259,1.1869547720937539
,1.1678181342449174,1.1946340452301416
,1.1786660308047148,1.202986487971049
,1.1727699491482644,1.1953986867930975
,1.1747225766613114,1.211484766622339
,1.183362772467897,1.2031135713168006
,1.2182832585098702,1.2150665411154882
,1.291247715159161,1.2192514850612723
,1.3008928569089708,1.2331288028793312
,1.2952004298854325,1.2328119015524268
,1.2551102407929577,1.2478574440702475
,1.1965450505568824,1.2098919259851804
,1.2616451303495508,1.2525291314034264
,1.2913535915458063,1.262551601014763
,1.3339991691800932,1.2684559201990289
,1.378198991380355,1.2559155412251086
,1.3348100396610079,1.261268803326296
,1.331731029293972,1.2458782680822362
,1.3785282810513766,1.2713570288477052
,1.3614103481846607,1.2807906744234159
,1.3048436421067757,1.2643334390967769
,1.3136964316818887,1.2803281737506418
,1.360125721887715,1.3067088980749575
,1.3526110279850632,1.3192542976302781
,1.4152481684553349,1.3298422718273177
,1.4018870049233005,1.3303231597036
,1.4382270456897759,1.3338018636184565
,1.4486210228135716,1.3354293057751243
,1.540191943983232,1.3447591544349797
,1.5075139606152606,1.316309288026313
,1.4800507408016785,1.3177220972901469
,1.48332989102492,1.3355250265057248
,1.5277309887129595,1.338938320835569
,1.547169254276164,1.344924954266498
,1.5431607038377726,1.349933831910731
,1.5219016754494843,1.3444038300987322
,1.5514433069324098,1.349161889995783
,1.5398505961274136,1.3611579703859147
,1.5482734846665533,1.3733118007596743
,1.5565007497456236,1.3828520082421156
,1.4807302125039468,1.3696325864769094
,1.4780987250493673,1.379138707671269
,1.4874002835089077,1.3868479212802165
,1.4731660427989244,1.3921207477526631
,1.4774214134171084,1.394339805728047
,1.49485107471521,1.4028753560321223
,1.420449751175429,1.3891923129604389
,1.50470894043162,1.4095582446681978
,1.4916070405953499,1.4154439980230475
,1.4878844943408827,1.4152225034722847
,1.5066957232999534,1.404354253403508
,1.5280986236942704,1.3958858373159084
,1.5756200404167537,1.3999102736313236
,1.6161691505386317,1.3800152005676538
,1.6591146780444348,1.3769029863642825
,1.6767659757902158,1.3805674688805385
,1.71344503077318,1.405961749983693
,1.7051400429730326,1.4231280303967728
,1.7177525161184255,1.423899372567901
,1.7286199176812338,1.4412826928817437
,1.7461982632318938,1.4563878299856827
,1.7193603882525719,1.4528415474788248
,1.722270133789116,1.4580924272046976
,1.7576707870571096,1.457474926836539
,1.6622856709317773,1.4162923967258476
,1.7530829847285383,1.4550007020359446
,1.6878121762832239,1.451342461314297
,1.6421665321620067,1.4403852168431963
,1.7031072157513274,1.4634498845361663
,1.737654665200198,1.475195373892182
,1.8018224373015859,1.4587213293391996
,1.8637308666204455,1.4616420651252775
,1.8765949447327313,1.4330081900521434
,1.8277792856861432,1.3958524734108742
,1.896418557899452,1.4006381432431412
,1.9277911364076752,1.4111047462763424
,1.9116623397285883,1.4353058141068034
,1.9005439360913476,1.409984510899951
,1.9201788827154855,1.3722261368468813
,2.033135444424217,1.388527592330583
,2.048260701939738,1.3782605751794432
,2.0640000772246347,1.3626593607093809
,1.938231736342945,1.3862116569720384
,2.0765184556794294,1.4208791947037942
,2.084169397197561,1.4348386481364508
,2.0787488851435243,1.4282587406525438
,2.075711697902382,1.419053700369314
,2.135474070981373,1.4068124460428089
,2.1539959003608398,1.4099656023951481
,2.024237745403022,1.3434688779809902
,2.055905191260115,1.3395678928209844
,2.226973299446259,1.3319633360390184
,2.1494275404930345,1.284672006789847
,2.225687122485909,1.2834478446368505
,2.238291410723229,1.2886149196121992
,2.2729064283357485,1.3358212180614495
,2.310682347059277,1.333056761921696
,2.3011070434165206,1.2781768684016774
,2.1273966446034924,1.2169509786321018
,2.005377102041006,1.2519065058632628
,2.0754650057128767,1.257919326239025
,1.9788266329508504,1.2655411729323682
,2.016294039210462,1.259206670255017
,2.060293278905895,1.2621434165605652
,2.1000795936401953,1.2959671933249415
,2.133717252695977,1.3233791363775773
,2.136707346107569,1.3438059850184456
,2.150085541195462,1.3362980293383653
,2.1774366356130352,1.377984095419556
,2.2267772723734027,1.362190681006442
,2.266283863268719,1.3559409657601278
,2.2233121138000347,1.2961949213786146
,2.186251119234639,1.3027527111036625
,2.2026359059561016,1.2909176442430792
,2.171559583284228,1.2833748498368798
,2.0842085641007926,1.228900142586117
,2.0953163368461643,1.2147772718004082
,2.2050184634260743,1.2534369840949569
,2.1579635500146934,1.200759477869433
,2.170226988790934,1.2258244301327195
,2.188926299534444,1.245983949580991
,2.2081330461416204,1.2610716488351295
,2.2138006786626923,1.2475323599233383
,2.274356660439796,1.2663736774962078
,2.273656295536057,1.300142567361434
,2.2626780429009203,1.3024429591664686
,2.282739788151224,1.3182257209053794
,2.2612220496938726,1.3306995009851188
,2.194515129307756,1.295169697069284
,2.2286577608822626,1.3173305059288798
,2.2090733363905604,1.2657583972105484
,2.2419030432654945,1.2733344919056822
,2.256699260623933,1.2720802263418354
2023-01-06,2.2587822519502345,1.2867460316821862
2023-01-12,2.282828182193137,1.309369998415494
2023-01-19,2.265904218681396,1.2881879419017825
2023-01-25,2.282739788151224,1.317873711985008
2023-01-31,2.307171730943067,1.333069363224595
,2.2695804934065253,1.3412770160047685
,2.3340463421431825,1.3368997735827004
,2.3124205981340116,1.3374877034534127
,2.2683457800376092,1.318647767877946
,2.2696994450147723,1.3037618304506053
,2.276171359155011,1.3126646565152504
,2.2296812448891488,1.2797124543973868
,2.164729628575388,1.2954648424502335
,2.1998624158084543,1.303585935473056
,2.2521415393106206,1.3241776653859154
,2.306266691176155,1.3422517784069687
,2.3091316498611802,1.3448177501859493
,2.3034806968828874,1.3550647903475688
,2.3148371271039134,1.3508524708811946
,2.321880615904868,1.3513618237650484
,2.2426436019141085,1.3406599707372018
,2.2537921717422917,1.3477666572486933
,2.2244274812175537,1.352815615350465
,2.2356896455420974,1.3663073669018693
,2.230027099648597,1.3567785673703265
,2.229027260964118,1.3739225111278048
,2.185611752174928,1.385073330376295
,2.2564453778188014,1.4084986470641376
,2.2892666662045906,1.4133965214526296
,2.23716182206178,1.4001799772135306
,2.2754558589826415,1.427253121343242
,2.2633550554664854,1.4165253166186962
,2.31578249173634,1.441320842299803
,2.3427614133500163,1.4537884038194835
,2.329427985291539,1.4543154600926527
,2.3299808440902234,1.45946209730428
,2.305231296896633,1.435184913429509
,2.2879383454000557,1.4331686400598094
,2.295281858843808,1.4190077259743963
,2.3121614516163818,1.4156128127202394
,2.3336525351285444,1.4260793916390635
,2.3702344733246687,1.4449400456051706
,2.35765950918998,1.432293613958469
