Date,ONE_OVER_N,MAX_SHARPE,MIN_VAR,RISK_PARITY
,0.0,0.0,0.0,0.0
,-0.007043995918712201,-0.047912511322763425,-0.04114383231092973,-0.04432980644809305
,0.027460232236074897,-0.04044088430753055,-0.01702745241369069,-0.013018241238136545
,0.05356482658534939,-0.009662594072459419,-0.0003589802764075783,0.020078811943657238
,0.03525066762216382,0.03613497772865967,0.01219186618529622,0.03600561535878288
,0.01043724468773693,0.014211811539177728,-0.020641895384101376,0.01839741751285657
,0.04350296748114679,0.06703772157689095,0.00675256248863427,0.06193428902667805
2008-01-02,0.006926635398685918,0.08569876314017076,0.008571728010591589,0.0611461207343315
2008-01-08,-0.04728255409674211,0.02451992398211634,-0.035478490332754666,0.016695433664728664
2008-01-14,-0.030866237377784357,0.06144633487680809,0.009830795816924053,0.03928838124890428
2008-01-18,-0.08655266575902362,-0.05411974109187904,-0.07378200188262583,-0.06769352588205305
2008-01-25,-0.068757426318564,-0.09375450517053845,-0.08458976224524387,-0.07507582037449426
2008-01-31,-0.037028135132399206,-0.058607589563881846,-0.04384525473475606,-0.05015120776732472
,-0.06726223863314883,-0.07750543497760222,-0.053844478116909705,-0.07586723838987035
,-0.05236436036990106,0.0041176220184363545,-0.013857838036193006,-0.018203892744992938
,-0.056710603238096534,0.06032111836351724,0.014547694066798518,0.027796270727468902
,-0.03618517214326111,0.0955082829196312,0.043737651805207445,0.0566551214144115
,-0.07004781040056239,0.10783956457177013,0.053835911823730376,0.05278026436223689
,-0.09525638046726871,0.10592633658558732,0.050218100949781436,0.049677168350424836
,-0.09422832497682387,0.12058193910683752,0.04278794257152987,0.04414236895976529
,-0.08084938367713355,0.11243800636119425,0.03751116258848014,0.043851505728909466
,-0.05541220689223548,0.07202928472757536,0.005152892170656073,0.009327465399158734
,-0.07991262410225852,0.12227592289134115,0.023520812055255913,0.027720108795004195
,-0.03636386654861156,0.16841470431700184,0.057135712069808026,0.07137787128188952
,-0.046827137150629444,0.2155608971421761,0.08509365449262246,0.0919016694668532
,-0.03978051008104,0.26600743348587763,0.1247155631188187,0.13813815581145705
,-0.03925003038071108,0.2829467609802184,0.15006764967952171,0.1703604480995363
,-0.010246801869434562,0.263786899651633,0.1416845645649495,0.15328527678435586
,0.002001138383401659,0.21241341843337747,0.10855744980596276,0.13493968838271314
,-0.010469148438062738,0.2749237047227956,0.146866575368003,0.1807807211308496
,0.0066892744186115745,0.2637448414696206,0.1482759692420695,0.17682450062527086
,0.006368074617512291,0.3521008720248216,0.18616426523439664,0.23319086801703387
,-0.008766256422838736,0.367029779305815,0.1574440435576078,0.21840643386329528
,-0.006402528909667635,0.3774725149478375,0.1538365848227831,0.22618447567522998
,-0.02014139863678415,0.39395004993334604,0.13199924474074998,0.19877695595390488
,-0.043448036949966636,0.39522606281026834,0.14447156513312243,0.17034907104060565
,-0.04299166310237097,0.39517640510127955,0.1327277259848393,0.17016293464716362
,-0.06851571782371832,0.39080343964774333,0.10803169937172691,0.1323139406366529
,-0.09869008845198476,0.3521246807087759,0.0795835526983175,0.08735539903190731
,-0.1297991559663379,0.3632243495663184,0.07892714348531027,0.05794709382350134
,-0.13542619317495289,0.36932893662410254,0.0612602397525604,0.026799354026505687
,-0.10170756590496946,0.4266284077894734,0.11487444754020765,0.0957724359371838
,-0.07841059619260907,0.43442064540101677,0.12304416663266213,0.14664441614874574
,-0.09455717798023763,0.4113111499146367,0.12046436429081875,0.11987329289514859
,-0.10995788541589786,0.4189017293216765,0.12604627670118548,0.10795614377460606
,-0.06346266249991805,0.461495492154821,0.20114375814944502,0.18278381111956646
,-0.05782539352350201,0.4460431774883339,0.18979273328261512,0.1969886053117588
,-0.08236953981835184,0.4039751151647421,0.16493997416410502,0.14298547932292544
,-0.086294714629052,0.4098800325331384,0.1620109178422327,0.13823420001792347
,-0.07031361837450825,0.43839291766264,0.1856933302688693,0.17810718731226413
,-0.07593995834788268,0.4473306934581969,0.190899906936829,0.18381086890344384
,-0.09123577203668029,0.41488011519895784,0.1961334384525854,0.1596866208854376
,-0.12102136981734495,0.3826813559520439,0.18779037847928423,0.14399055390763127
,-0.14534621624451421,0.3373627381704993,0.15047469444976483,0.09364315084167481
,-0.1680480639442391,0.33936056446959356,0.15149235395685637,0.07861398906133202
,-0.29770218162964257,0.21730300719252788,0.046557784611603564,-0.07461987091978511
,-0.45437808393788043,0.1264011897605731,-0.04036572993761235,-0.20344573242462646
,-0.42288767541592476,0.14836902718860906,-0.0210376022655865,-0.22417646927525173
,-0.47764812758933684,0.10922832486265324,-0.03309122721679669,-0.2730060778107565
,-0.47101072261765164,0.14962994953828376,-0.007307404612089133,-0.28717982781997253
,-0.41364858514125386,0.12119412661777196,0.03722700465132368,-0.2226519203053801
,-0.46137701741255727,0.10074007025843826,-0.008399146625509973,-0.30996765997478065
,-0.5069796281770172,0.07563451429596654,-0.012495682799617963,-0.36706859056487257
,-0.6786307270896801,-0.07810559734921146,-0.0679556183500028,-0.5376435260883938
,-0.5953648896960224,0.04944467927648874,-0.007180011817847647,-0.4221849692286867
,-0.6060819928830872,0.017791908246676345,-0.025027601135539087,-0.4075699926101406
,-0.5094592423388757,0.15818642430235647,0.05216861491793154,-0.27581886644964515
,-0.5387400304480878,0.10401091733066538,0.029025595100307246,-0.3098478781005521
,-0.5178919676876971,0.0824878891116985,0.02998849174593582,-0.26689515076493986
,-0.5442574611704045,-0.01345197431250169,0.024041764252726087,-0.30182886796778075
,-0.49344160564213496,0.028362399520415305,0.04994099202988511,-0.26551651022779293
2009-01-07,-0.4775718803237828,-0.0637434648091385,0.039763748304932754,-0.22970571321458522
2009-01-13,-0.5251113410488711,-0.06708607247615711,0.00658615185131311,-0.30268900582577835
2009-01-20,-0.6240847361710877,-0.07595384568327651,-0.030784837041901294,-0.3852903993714354
2009-01-26,-0.5803631085829553,-0.005692025638499909,-0.06196357146353371,-0.3514593130542608
2009-01-30,-0.5926179013633884,-0.0412434224148335,-0.06574176503346785,-0.38412287839835874
,-0.5666225907875209,0.010213007776032998,-0.04328773167942031,-0.34740619503870424
,-0.5794348547601338,-0.065869142978368,-0.05795781224678047,-0.3696930191548695
,-0.6502322114225038,-0.08458995464135619,-0.10844804970958566,-0.42071334346631184
,-0.6625857191092108,-0.10905050578949158,-0.14694736649961213,-0.41705655941738984
,-0.773658553086547,-0.1685644955460657,-0.1929466969975179,-0.4973901559038689
,-0.8129596466572628,-0.1719396102338027,-0.21485784062071248,-0.5481089576744734
,-0.6853582138909907,-0.05739205454946979,-0.17933820714528023,-0.4138998073781738
,-0.6108568189185378,0.0034276807475128145,-0.11611390745508199,-0.33942329877732014
,-0.6042637279614222,0.03305564843743092,-0.11576429113654245,-0.3140419467853045
,-0.6340937803548682,0.03084957106915992,-0.11484670191338854,-0.31785394724845717
,-0.5356593237026427,0.11320374359316691,-0.04632494690192837,-0.21042365939097935
,-0.5063500285651112,0.1555094898194878,-0.045851547972280804,-0.19084591499172363
,-0.4877254220883693,0.14399090742603732,-0.036272691296126494,-0.1719986688601322
,-0.507803900981777,0.19516074014757143,-0.03406666192074593,-0.14310180648111304
,-0.4920123373347103,0.12155736356466734,-0.03364436303908102,-0.1206345756655897
,-0.41498084865841656,0.10963883511141925,-0.03966015762627548,-0.05177400689345921
,-0.3947900315244505,0.06102708973589126,-0.028172758503092966,-0.07271897040694161
,-0.4539205340879279,0.009649587926701658,-0.07133391182070863,-0.15704648264729118
,-0.4355152755332,0.06583634232584515,-0.042945860940182906,-0.12885312440758925
,-0.4399479130407558,0.08777591415016503,-0.04198834380452618,-0.13848862742812648
,-0.37957908651586786,0.11698049658308074,0.0126275498361042,-0.07157357530630547
,-0.39332830182013134,0.05497832319244032,-0.03852550248518059,-0.08430374590771342
,-0.38389994319686566,0.0667382161968845,-0.03372203641920714,-0.08202063402576237
,-0.4180544782178035,0.03060404553798792,-0.04371437266104934,-0.14391889462432061
,-0.43443975873043267,0.05820040078466082,-0.010073887170364872,-0.14288223376842285
,-0.40972390737568326,0.09086251394600144,-0.0018023098241758545,-0.11393202714474097
,-0.4612428489034909,0.03117538613734984,-0.04564044571285618,-0.1671259429381866
,-0.43670464485902605,0.06867747341034541,-0.010409213993172153,-0.14910265503694095
,-0.3924414909386966,0.12878477494433457,0.026520853603336253,-0.12002996966058616
,-0.34235250398287237,0.19469590487662636,0.06083609370616479,-0.05676863255067001
,-0.33993214187235665,0.1649900840930864,0.07774368004684179,-0.05184797053924117
,-0.29950448113189015,0.20663758428621212,0.06662429696487873,0.02219188358364649
,-0.28833518349021586,0.15820584754243433,0.013249346492763853,0.04348541180061614
,-0.2914595286149134,0.15271955322868505,0.0027692217837734616,0.02355993316047044
,-0.2844124501999096,0.17535526571771287,0.014532039786951136,0.02883742948991526
,-0.2645607412226474,0.16835928733265682,0.03391987427434211,0.04701798500502061
,-0.2968215847763905,0.11207672081436452,-0.012199361938895956,0.0012684706659504205
,-0.26540348914613765,0.17038113884012898,0.03355469563251977,0.043734127185993725
,-0.23331478340130682,0.20377060215733364,0.050150309890519086,0.09306292591463719
,-0.21097281882843755,0.25887158505194346,0.07964813941271906,0.13990667773207463
,-0.23605176560208235,0.23763937837286836,0.035930249090989595,0.09085514978087551
,-0.22517005776849464,0.24726117736159112,0.03390201857588444,0.10236009052506455
,-0.23226786004845174,0.2604707147425653,0.042835515396038734,0.08419590851889804
,-0.21076908384776297,0.2843729948948637,0.062170415692409206,0.10625539036648823
,-0.20475763438606912,0.34679044689341765,0.07620757301037998,0.11918847464395693
,-0.19967613801324471,0.329209660939703,0.06430305183995502,0.12420317478039854
,-0.26342039775698467,0.26284382351592905,0.041009214678681315,0.06054551391256553
,-0.2548299178090941,0.2714997781462831,0.022095785819700692,0.08645284292999875
,-0.20782834494593846,0.35064191829467994,0.059744987534236085,0.12983023621380976
,-0.20613475914048046,0.3651294068138007,0.047951622484327314,0.13697453971362367
,-0.21034644872074193,0.3629215698530538,0.04081515957757642,0.1351086450678373
,-0.19651369839662378,0.35834202664678083,0.05739054426716844,0.134691652975901
,-0.1899302922682208,0.36866064147689337,0.06057917837842589,0.16308104771330548
,-0.2025521300199637,0.34977795297344416,0.04279865452835138,0.14646568483371528
,-0.17775321903286395,0.37913733327621635,0.07150733829515248,0.17528953749429688
,-0.1815484605716469,0.4208100653613194,0.07096672423951228,0.1831894900926715
,-0.15228418276600647,0.461152179751812,0.09105502209205404,0.22264522509599693
,-0.16464614028797894,0.43868890294044405,0.06985129721105471,0.1970719145472946
2010-01-07,-0.1396688226606929,0.4299584082192439,0.09579417460375,0.21035094065735538
2010-01-13,-0.13510715962517383,0.4262246018834038,0.09414972943320873,0.2097214327329254
2010-01-20,-0.1405908965958619,0.43330764918358927,0.09322021226811404,0.20932915697705923
2010-01-26,-0.17855068884893874,0.3902192000095762,0.04958861833089768,0.16177664039266101
,-0.18059429921105893,0.38299905571310494,0.04235985998070611,0.16724703634152854
,-0.20396314396702345,0.3406606891843407,-0.003551478987737158,0.13566098146121255
,-0.18941849515547163,0.3568245984142835,0.015554793833433393,0.13685208030605062
,-0.16187566805081544,0.40565789631783844,0.05220006181625392,0.19014409362544202
,-0.16069622760160837,0.3957831722843226,0.050775569374070725,0.19553528392470637
,-0.1413641183293849,0.4102614847850415,0.07735724714952963,0.21192770065305228
,-0.120400129146947,0.4276276296303039,0.08909764214021194,0.23997525944585804
,-0.11058198888066684,0.4438105050741736,0.10608044787404108,0.2585999417131335
,-0.09528540233620726,0.44481250029860214,0.11932781324144419,0.28074862674245676
,-0.09283971391885769,0.43786348907125655,0.1228900577254233,0.2811362725306293
,-0.08970334350435666,0.44004133036601845,0.10724998478897466,0.27866184437888847
,-0.07057519285240765,0.44959751783542634,0.11236873988615376,0.3017708130772559
,-0.06619224699217569,0.44978642255046375,0.104810545041969,0.29407277496655226
,-0.0682634725928102,0.43471086331093906,0.09256515344196786,0.2766707741235883
,-0.044458501871199874,0.44944687746905043,0.10264191527245865,0.3190031901604679
,-0.05891359935670754,0.44808725325255794,0.0981985342516348,0.3131354994680826
,-0.07054570457054482,0.4436735797462381,0.06979798389803712,0.3227503757547128
,-0.08399036020322345,0.43323183608498683,0.06134752677726557,0.3191506083540256
,-0.1006129498704775,0.4086893968691531,0.055975958909775914,0.29674704964028487
,-0.16200680064769085,0.3486125860830616,0.006422922375190432,0.22317669987231734
,-0.15728786197164735,0.3936539335753002,0.02200037799932194,0.24896971615221053
,-0.1279935968727176,0.4206957994986544,0.04875561438701505,0.2775342761306202
,-0.1705030102401316,0.38324905846690066,0.04194784890199982,0.22768116744287736
,-0.13085212248184597,0.41447317305983084,0.057457480056103356,0.2698881722352893
,-0.10659067627601074,0.4369371428332838,0.07208044607892937,0.27439705592261443
,-0.15301150733930124,0.4055443785578928,0.05208426945405732,0.2265985694819015
,-0.19159775061501352,0.3788293261529939,0.025695901611502425,0.17493607907951617
,-0.16628436837193578,0.39394305577831085,0.046620248501153844,0.1940486807095759
,-0.13056502720606392,0.44110526162408825,0.09233574279093287,0.23429642136990958
,-0.15833295828894045,0.4069109169670495,0.07863128855662133,0.20106179125588314
,-0.12569649871648544,0.45549221986604177,0.08747035663169492,0.24990290157445072
,-0.12841921752204,0.4592689845225605,0.08156586138302482,0.23854619428663548
,-0.10208302709514666,0.46376979001623114,0.09151068776450479,0.26652614144343145
,-0.10746006612072324,0.467534402271277,0.11089892516444977,0.265231687886744
,-0.14753056960559152,0.4550125698623664,0.09679059592603546,0.228364903982298
,-0.14964304658106903,0.4766732104107838,0.11664042349340198,0.23760183053150263
,-0.1723302400915838,0.460833346111501,0.11062266510979067,0.2132605938509971
,-0.1379941381229641,0.49178613546838884,0.13414855286850666,0.24516847963642496
,-0.12017668512358107,0.5265832798934201,0.15761053950289722,0.27583533540928074
,-0.0966906296630201,0.5312190860592787,0.14382740170662536,0.29928823881855166
,-0.07719100365881358,0.5413982819842627,0.15893993958790903,0.3239110747274677
,-0.07347342681682627,0.5472322087602013,0.16902297849828682,0.33613063268373383
,-0.0741963107963224,0.5516161354433384,0.16702311214057625,0.3352682933125185
,-0.06352350098923419,0.5680897647947483,0.18091316991442888,0.3453698608012101
,-0.05222220536471199,0.5863756852250157,0.18262167620097577,0.36046232980360843
,-0.0403438911321781,0.591217264906329,0.1975536583145317,0.3677725677481588
,-0.03981168309819593,0.6237918041020136,0.21069412830251033,0.3823524130956462
,-0.037402188437875246,0.6283921468817466,0.20691802107258006,0.38980595069025137
,-0.023797926881389854,0.6457072245668543,0.21527715618013243,0.40690644010428006
,-0.013564631249348253,0.6686276870653507,0.22482288710856535,0.4211645277348772
,-0.023800456424157953,0.6826649095707067,0.23407930132561283,0.41229157196215926
,-0.023657347981399738,0.672928686155894,0.2348600749383069,0.4136847107144476
,-0.0259280463349816,0.6761852526419756,0.2330606136441499,0.41457534182629313
,0.003199552629545809,0.721501309115371,0.2612352519697,0.4481255147704314
,0.009988471270342233,0.6990008043235958,0.26102008654121955,0.44932401246742826
,0.01939718618664938,0.7073631195816262,0.2739719375718351,0.4689616491788843
,0.03003304612369954,0.724241988166389,0.29192927742407837,0.47801340835705425
,0.03864510585335924,0.74647363520548,0.30054562225633147,0.48835242346201657
,0.03589051986601043,0.7392913223956094,0.2997830729739232,0.49325878117074917
2011-01-06,0.045958954697990086,0.7585964636326903,0.2810317184419297,0.48195770477018046
2011-01-12,0.05816296524611311,0.7603994055835324,0.28536322012196136,0.49784474598044653
2011-01-19,0.05586858064937934,0.7542914976809616,0.2733194733305678,0.48204016861390464
2011-01-25,0.060641439494645524,0.7377951063377354,0.282905071377416,0.48518872914359595
2011-01-31,0.06269691646303183,0.7549206046558707,0.28424629572500104,0.49119765649743624
,0.08296686883123135,0.7904156157866133,0.3005857643230021,0.5135985940156296
,0.09384597096674735,0.805171064144208,0.30706636284005595,0.518931943292956
,0.10589028807758359,0.8077644836976289,0.31477997959703036,0.5367865356285464
,0.07802258109118018,0.7681633449679511,0.30194385577167754,0.4979500451449379
,0.08086393108385755,0.7661333635590064,0.28785409846967647,0.4930548328789787
,0.08627681759899164,0.752992657067489,0.2776982774864844,0.4891853739686239
,0.08342800446744933,0.7307699338650733,0.28677198340912285,0.4818471223711432
,0.05915514701250276,0.7150205034717587,0.26403648607514063,0.4695597400040412
,0.0758576103424601,0.7370516916445494,0.29937905391026876,0.49939898203341543
,0.09594390810170393,0.7514476513133125,0.30783956287881736,0.5188092088644276
,0.11110490060439247,0.7836084463159833,0.32612691835556473,0.5460564744280034
,0.10531051954690843,0.7812422909127172,0.33254788467357455,0.5431067438466265
,0.09820514575495051,0.7766851359130845,0.3280270485478678,0.5213700133229224
,0.11276798589661757,0.7886304758299392,0.35355128685095294,0.5442200510173857
,0.13427180321683918,0.804452910722565,0.3414115392331855,0.5558493735307563
,0.13067664743479251,0.8035946288786382,0.3374772822801992,0.5443461625842534
,0.12932903186246822,0.8257769187956131,0.3371596906809221,0.5426991972867087
,0.1268253195412777,0.8072359741261721,0.3350637415135362,0.5263136092864371
,0.13215259947558927,0.8368124754717694,0.3524641419115557,0.5355089559290699
,0.11343980405704933,0.8138666146691782,0.33595628806904254,0.5051690086619097
,0.10983134383919778,0.8143595934482297,0.33323084267332886,0.5052253606531859
,0.08727515197340922,0.8054877434897252,0.3178928467427037,0.48731664516844464
,0.0719085988982572,0.7817589476218332,0.3199727109824357,0.47792327393012884
,0.07093978654547732,0.780404224123232,0.32357345114019115,0.47924227131459196
,0.08641247218975956,0.8098802508793463,0.3235974688096053,0.4954359794811108
,0.10559262558107628,0.8376720039170644,0.3276587409349992,0.5074219465802404
,0.12918015931490062,0.8625750192107173,0.3503248838118735,0.533867878976771
,0.10805767912547629,0.8350603705135357,0.34032666735408007,0.5149780814002306
,0.09240448959582077,0.8199660081668214,0.33673923635415487,0.5031399813390651
,0.1205181637054743,0.8164226756200249,0.33970966383614776,0.51695759118451
,0.0835401226449644,0.7675866443227273,0.3089989612967588,0.4638427977451954
,0.049069913917873374,0.7384117986572509,0.27866891816343886,0.4151907029636751
,-0.03344042545839867,0.680213100142436,0.23501823422534499,0.34929178366387187
,0.000414647035764229,0.7205748695659664,0.2586858953362392,0.38142423110869805
,-0.08071045892486065,0.6699301764743836,0.22384284071395805,0.3221446912668555
,-0.0463843404794482,0.6878610727550573,0.2435624249296104,0.3488707917925162
,0.015288006713560596,0.7411218972231906,0.29077757460511805,0.40921051488275256
,-0.00022059529670141048,0.7479032647634429,0.28880904292971965,0.40239248582294396
,-0.022813351139235306,0.7279630375687093,0.2622658062097955,0.37338708825241923
,-0.0026693091417312083,0.7456792756796812,0.27493878576964226,0.3883184081552053
,-0.06565504905229788,0.71309165929397,0.23706496864938395,0.34172279935927524
,-0.049784905072859736,0.7066433365837382,0.24819698637694704,0.3520186008592143
,-0.06566853498840057,0.6954480921765561,0.23055698640307537,0.3299121812788783
,-0.024645419959468638,0.7011843292709247,0.2546040723917281,0.34588151574872156
,-0.024465472232009552,0.6941003826771397,0.2517363367271841,0.3329027199579424
,0.017679924642826705,0.7318281365528965,0.28399910257801775,0.37149405429934046
,0.06826082190515798,0.7648423413819239,0.30695607585274465,0.41431184402784826
,0.031908298360548294,0.7341893764780325,0.2823191810778326,0.3782026982232367
,0.06344611174163439,0.7468712850623049,0.319679410960944,0.4034288234820475
,0.040356658678915455,0.7215588542181997,0.3082137605604826,0.3869445393482902
,0.008099268748991289,0.6942328722005306,0.2810686703664487,0.34563014810358267
,-0.044265572459121424,0.6255792402280047,0.23986988990092067,0.2766588363421301
,0.0329733548117541,0.7375938769057303,0.31286245029018694,0.3784212237075869
,0.04500156914513454,0.6862882354878651,0.3212669680921951,0.3711067477715484
,0.008974568961583837,0.6178561775833231,0.3143745517671239,0.3306538184830967
,-0.0058204954366452896,0.5631686939267498,0.3078255209517079,0.2903502813587517
,0.046848627936988935,0.6423886391966281,0.36779531505318325,0.3577753454795758
,0.04159161914038568,0.615224734552391,0.3655372931199776,0.3536669983532503
2012-01-06,0.059093478943146455,0.6759272334882638,0.3704872049806615,0.3747623760383892
2012-01-12,0.0825830583955588,0.493311811587981,0.3698964265714091,0.3569936208202452
2012-01-19,0.10137948078460064,0.430944952191853,0.38951880242399306,0.37822345576473726
2012-01-25,0.11357601969407721,0.4853879565474609,0.3869587183359878,0.3929740221518874
2012-01-31,0.10771679957760359,0.4421360620562197,0.3442344519255162,0.36829612757510993
,0.1379551564120605,0.49226863395645043,0.3511789811022062,0.40195210919475316
,0.13563360819070983,0.4931626333174395,0.33718688462243707,0.393848160263134
,0.15202464804335425,0.5484993245098241,0.355244110498366,0.42535019731406304
,0.14895012418578157,0.5470890349277534,0.3750724859215934,0.4471713500261886
,0.14759272138028012,0.5314439188576932,0.36408156389428203,0.4317878259581598
,0.12729236357824575,0.5011734450207006,0.359194383378847,0.40831510794162224
,0.15165268249029895,0.4982144618863407,0.36659335270063004,0.4206282429572612
,0.17627954008538801,0.48868454916752896,0.3647082981422565,0.4316578484205991
,0.16681797831355066,0.4301522852538895,0.35045221299307244,0.3849861838658588
,0.17847022137245727,0.43868165534063747,0.3556650948772595,0.3827214008858878
,0.18335691118981243,0.42983499569434475,0.3558081905230258,0.39109660480287717
,0.13507065571553148,0.40150989681564303,0.31716185097916216,0.34187450952284826
,0.14953603682326802,0.36527545865493827,0.3335420954411212,0.33684599833255435
,0.15813922868889596,0.3853832791856651,0.35675673303387045,0.34954935517963565
,0.17665764962798144,0.4760378549932994,0.3754084841641354,0.38072282781030975
,0.18160600972063415,0.5277095592430994,0.3841117476524101,0.388051269899269
,0.15201788736325675,0.5094136293322602,0.36516900045710765,0.34261528709464295
,0.13608028562370333,0.5416976144407682,0.349994924985953,0.31905701311237494
,0.09255488136601708,0.5143534957820691,0.33034704986683056,0.28135787175320104
,0.11632213212985316,0.5697522106199424,0.3528180454559316,0.31265146767391083
,0.10896898217850463,0.5734101630500467,0.34432846228184727,0.30823620799742024
,0.11297360327179173,0.565375444891667,0.35170250412341064,0.3069595711905927
,0.11137173860857479,0.5681749123057509,0.34723409670901945,0.30713440281925275
,0.12729239362316544,0.587797542827877,0.33990363080641023,0.31473024903630137
,0.11898562510054167,0.5906985246288131,0.3454408373718794,0.312592354374982
,0.11365481990692042,0.5951581606645937,0.35729646841303353,0.31397286412050723
,0.14730099205192998,0.6217883214184469,0.3874222246272646,0.3434958537185451
,0.12387327712037918,0.6062560133202066,0.36847160191849343,0.33016809709097633
,0.14045931312292234,0.6055899224931923,0.38425271128857164,0.3447233075024329
,0.12632404339592032,0.5660603253596626,0.3646602197469128,0.31752158114000506
,0.15382279776518493,0.5780823312699885,0.3827015443650589,0.346182439235887
,0.13136857046992287,0.5688240088029387,0.3597489659620363,0.322567894474091
,0.16576960598432608,0.5866998517034105,0.37838408971643817,0.3526375227864424
,0.1642884448686983,0.5829425629409682,0.38425572559612864,0.3497731784571062
,0.17687941407538493,0.604805390269557,0.3966916708894013,0.3635939455863332
,0.17167837110523806,0.6020013281996773,0.3986976385442008,0.36152321270370635
,0.16599131301786874,0.5914925016917817,0.389781318056857,0.3593599387278949
,0.192358026853657,0.6246443348196061,0.4064759707650536,0.3834042267840946
,0.19805701420505328,0.6120709254542545,0.41418928864063864,0.39298071854457306
,0.20794398332386804,0.6360682286954206,0.4221052318207104,0.4062250987811131
,0.2059641214163413,0.6399216601930506,0.4263634792738845,0.40263953062556085
,0.19530853476279797,0.6126510329283236,0.42570201172072863,0.3894610350339384
,0.20987491249130782,0.6252673732335151,0.4421142612471693,0.4102724407843814
,0.19100369849202,0.6223465691432177,0.44028122129709624,0.4023226965630383
,0.20805647293784565,0.6494233825616393,0.4592727465318085,0.4126534916501606
,0.1941321528832489,0.6567214920069038,0.45227804412013906,0.4115101477691952
,0.1840782581561205,0.6384022035285116,0.4380471394020406,0.400743811859475
,0.19388909413386504,0.6387557033612068,0.43205951360091094,0.40147889691550936
,0.1719789818508225,0.659906205174151,0.42715335363063467,0.38241086388971807
,0.15151205288686714,0.6526353686114654,0.4251203774303392,0.3671625525292792
,0.1790599426999651,0.690073604542356,0.4394899161835741,0.3889135491577724
,0.19133569489530672,0.6971767380409438,0.44795621078479037,0.4028948348831001
,0.19236402341743972,0.6799576001862745,0.43451847611540106,0.39698331925136227
,0.20346837833425313,0.6816851639404956,0.4437266216106648,0.40411946122261944
,0.2028300564970673,0.6826500095357312,0.43659667734112667,0.4129611100085162
,0.22814849083704397,0.71715160488732,0.4618875983612566,0.44053149069620384
,0.21196451318895668,0.7268147269615461,0.4622416463388003,0.43667851910561734
2013-01-03,0.24243373945771862,0.7432073184478974,0.4853238912380209,0.4626516790117067
2013-01-09,0.24858835161930926,0.7556343948507163,0.48692004119651816,0.47579060820086994
2013-01-15,0.25832683961446995,0.7596546354030592,0.4891376210834386,0.47878004902598287
2013-01-22,0.27449060853401686,0.7575181848193847,0.4989495375278561,0.4929429441268143
2013-01-28,0.28521234518954197,0.7696573035571903,0.4852600050532971,0.48396354700029576
,0.294166548075411,0.763199173279411,0.49046286866648436,0.4916114010984923
,0.292365147226791,0.7724583635455557,0.4933577093802079,0.4885401991494859
,0.3028012379225461,0.7860228152802404,0.5030956151420205,0.4999513164177269
,0.2928256758283977,0.7571943727079712,0.47768577396867107,0.4684645045784763
,0.2829757910625948,0.7911433736595672,0.483141345612292,0.4627984749807228
,0.3047558114917694,0.8220313841748287,0.4975552333503435,0.4827438003680721
,0.32449499211295685,0.8409891741856692,0.512091410627901,0.5089512229754035
,0.3336537037341459,0.8428589062104687,0.5274644662728162,0.5194961587925977
,0.327597554628611,0.8529521042382985,0.5332169393202972,0.5145748850225212
,0.328815580340295,0.8601744248984708,0.532704360474779,0.5024744412781655
,0.33151128588753487,0.8716106435769676,0.5376598550366016,0.4899986138741963
,0.3291661823097791,0.8623951408054188,0.5288941793948762,0.4862298676924497
,0.34616216019727375,0.8735103957066378,0.5349849591350467,0.49231080744690453
,0.31135317893656994,0.8532681566729947,0.5054283187536076,0.454630148647237
,0.34179335274206646,0.9072088641933738,0.5414961400277676,0.49806640023276805
,0.3577392323136041,0.933910808019947,0.5331105902664185,0.5010275705420271
,0.3706671702629107,0.9491876034725066,0.54897392757551,0.5174048381958103
,0.3861364765721621,0.9600512889457518,0.5611274390884954,0.5327099830629972
,0.39440212106739025,0.9796264069124261,0.5626013207865637,0.5366491388017981
,0.39108254493266686,0.9739146736922434,0.56599704881682,0.5397396017737938
,0.38516770396257033,0.9808642991408055,0.5634075897113738,0.5411937019160428
,0.37230764914536374,0.9851095352655461,0.5676778124627223,0.538992714762921
,0.3818612847212207,0.995702415267818,0.5686991633743,0.541398690621623
,0.37337326169021484,0.9810630009567196,0.5510837955899084,0.5253367890711559
,0.3476173232540379,0.9724828424287711,0.538707241178705,0.5123830541162268
,0.3594138411859912,0.9806192204323162,0.5417311344359669,0.5109800899674839
,0.3708951488041753,0.9977098216814608,0.5522770249551621,0.5203264091344753
,0.39215944121744317,1.012559078169893,0.572013003752655,0.5429281351003694
,0.41493772166942,1.0434761614500196,0.5989399803034099,0.5769906206053262
,0.42015197734587006,1.0402356784618494,0.5901651818357373,0.571830501149744
,0.4172230151082186,1.02384186622037,0.5760486443172058,0.5702189491529572
,0.41493973331162004,1.0125277172837686,0.5781934255626194,0.5712684965095731
,0.42220723396163395,1.023501662411257,0.583089677547456,0.5784248636075581
,0.4213614837175096,1.0354643044449914,0.5899652464591834,0.5846192287920832
,0.39905993970849124,1.0143550419327172,0.5802392819908693,0.5677416777951841
,0.4066970006413637,0.9998901499433156,0.5763747810037002,0.5675397923601603
,0.39136850535742546,0.9692989125022838,0.5682927830343338,0.5488704834246776
,0.40225265826569995,0.9938041134337109,0.5664082546442025,0.5662536712187263
,0.4261871774115972,1.0406846476178704,0.5949255557874817,0.5946602557237936
,0.433931789476358,1.031076026824334,0.5936423814162659,0.5950843325899178
,0.4414172098464075,1.048709360067896,0.6172181712005743,0.608149990308212
,0.4405616495278355,1.0612076277948923,0.6185111194366151,0.6131493041551216
,0.4415753709194685,1.0644482966200908,0.6132265251291925,0.6121681874801684
,0.4167655741509219,1.0366167772726635,0.5839469536540405,0.5863919542777796
,0.44965752992974467,1.0877536344423302,0.6202238268190489,0.6210607253825579
,0.4699171321564811,1.1049824680788751,0.6278083973655914,0.6285820998325536
,0.4706891281535721,1.1399108875965547,0.623692403055224,0.6137802798931613
,0.4727437310913014,1.1441937344560327,0.6273171528626998,0.6232467591782065
,0.4727285834527431,1.1427422155803306,0.6225516394868711,0.6292903003350684
,0.4772860274926582,1.1530731352378998,0.6369191075860559,0.6395874398206798
,0.49292774447689286,1.1819159772841485,0.6481232662752281,0.6567638077483051
,0.4900188991811874,1.1869632313888052,0.6383609468439445,0.6512684943343472
,0.4934082929529014,1.1762514289908137,0.6461183123100287,0.6580003178290373
,0.4855242736908135,1.1448087846134312,0.6335735467076853,0.6447315073967365
,0.4919238560750454,1.1459739357358405,0.6399745493129743,0.6516998490057482
,0.4840164689212507,1.1473988986263821,0.6329847747326607,0.6475589275572143
,0.5030911942231007,1.167415775238801,0.6499543847004333,0.6661361322259206
,0.5146544147229707,1.1738816788408135,0.6572528053965125,0.6744109845788365
2014-01-03,0.5113898104343969,1.1837046800159996,0.6437717875591868,0.6724516169229432
2014-01-09,0.5199380400523106,1.1591566343734363,0.6537310518016867,0.6780470293412761
2014-01-15,0.5284183222578845,1.1583909939976231,0.6525281571740922,0.6761766950705147
2014-01-22,0.5300861341574205,1.155441128594236,0.6545240875118321,0.6760770291899629
2014-01-28,0.5039893293157992,1.1305169562127282,0.631516419433404,0.6393687280512014
,0.4794527284141636,1.1105895685678624,0.5902321565048786,0.599328953114685
,0.5111848968560121,1.1420410317828298,0.6082700048231587,0.6306493055108738
,0.5325704650646785,1.1492500274775315,0.626483364708853,0.645853047290373
,0.5415691304115863,1.138874900941066,0.6351035932227359,0.6445719817585802
,0.5473555490895113,1.1328526211188548,0.6388159410340242,0.6452858897430173
,0.5619675366011048,1.1732879819726467,0.6520576679172354,0.6681879710849377
,0.559557398789988,1.1925298997424034,0.667278349165384,0.6839236573261737
,0.544836229569633,1.1656990334342583,0.6557360924353817,0.660406956215033
,0.5588981313113494,1.1715078211064252,0.6767100478704293,0.6838357128230699
,0.5419874685904967,1.1298973606967249,0.6664519192774865,0.6701204601363634
,0.5644190460606792,1.141989611046526,0.6788768432550896,0.6831562843640419
,0.5379303296423782,1.0707393659097457,0.656330695859159,0.6519453914682328
,0.5195436422482823,1.051196440089514,0.6383067910074162,0.6275580780867667
,0.5430389501366744,1.0962061398847436,0.6485927317044337,0.6529043291181096
,0.5516255047099805,1.0895972046343925,0.656746691748845,0.6582797359985492
,0.5504994649089713,1.0749774072818885,0.6604396265638863,0.6588275266787655
,0.5455483766221314,1.0828736078694443,0.6528977337787457,0.6478801222814267
,0.5631162007769186,1.110429513162454,0.6612549025353711,0.6734677651970069
,0.5512121857894983,1.0836567976977816,0.6601227339704835,0.6496583350506887
,0.5589732388716697,1.105306919588407,0.6674163719329012,0.6620082602009331
,0.5743283367155518,1.104362437516303,0.6715582571688544,0.6700568665552118
,0.5807260841700819,1.1077258203919325,0.6657302357974109,0.6669381740101775
,0.5908179949427974,1.1131101323575812,0.6743645319612103,0.6816908790840037
,0.5854625791701493,1.0998197940530698,0.6697485669256293,0.6731788369702135
,0.6013640989024825,1.1060859811846695,0.678304428629587,0.6821179922158273
,0.6006189631380117,1.1195609073470203,0.6762241896196628,0.687365459745656
,0.6107017765294829,1.1415510026119011,0.6908450890917991,0.7065018004525372
,0.6069190716024192,1.1316602981810138,0.6974127129873772,0.7023126552256695
,0.6038681157733264,1.124149304503932,0.7093821278557252,0.7056546482365301
,0.6021146843519009,1.1320265366704196,0.7150730357030148,0.7162477753917265
,0.606260221273021,1.1252007804792752,0.72147357550273,0.7137882421266835
,0.5854158057759152,1.0981242726689437,0.7054207584100569,0.6956116930513602
,0.5806195371963985,1.076155302972966,0.6836371654411114,0.6790108286626396
,0.5879512653580902,1.0817418143122712,0.6870024229472184,0.6858687351627164
,0.6087038197559429,1.1160671200892291,0.6991055508293693,0.7116086158295509
,0.6177932797731606,1.1259172975545237,0.695856168213546,0.7130578145832022
,0.622888958581364,1.122318536120664,0.7024858063605006,0.7122397551605315
,0.625359422347256,1.1316027515827993,0.7081908592920076,0.7214103263155001
,0.6225272422871699,1.1468643294467564,0.6997480862777496,0.7176917866993113
,0.6190036931927666,1.15737375178463,0.6917858165141904,0.7032828942753495
,0.6121107377209136,1.1435812091592081,0.6982514094538281,0.6972889684503276
,0.606174328513747,1.1408477641170887,0.6904050588884842,0.6896472996663042
,0.5891689511852006,1.1194651714744095,0.6656209538204167,0.6623782913026554
,0.599881575343744,1.140231513588978,0.6829348623924497,0.6770234191089776
,0.5532738387732484,1.062562065346779,0.6352869393183124,0.6159942175638045
,0.5745728869738306,1.100697909866524,0.6511918832344777,0.625142804488912
,0.6079232180547082,1.1331225062430497,0.6705116215871026,0.6565452726439738
,0.626558141194308,1.1779386100295521,0.6919313911495614,0.6826761815861089
,0.6421091456924332,1.196701211817658,0.7038911447672711,0.6900673998130707
,0.6522889020210306,1.1994246530116408,0.6991038844754246,0.6843923606377919
,0.6502014484442028,1.2013854460959292,0.7139860704205621,0.6898391213511167
,0.6622033056749973,1.1971023166146733,0.7125802103858125,0.6956950321045556
,0.6668284436621419,1.22498194240335,0.7365987435568665,0.7142172720828454
,0.6720688388157737,1.2300494695050612,0.7405345195668597,0.720357166670363
,0.6518260371185751,1.218176565907109,0.7325916685805645,0.7060579260500461
,0.6265968161295878,1.1962057833959248,0.7147709789224967,0.6842034645027083
,0.6785502885835992,1.2420989554674096,0.7565094225757565,0.7322390458215331
,0.6873194068455986,1.2345628456072577,0.7534683293782563,0.7277938310503993
2015-01-05,0.656171377556953,1.2177612755459044,0.7343970945109591,0.7107928996687812
2015-01-09,0.6692734778248237,1.2470456062240944,0.759434629329903,0.737038797853787
2015-01-15,0.6457440688328735,1.2314623939166822,0.7474895956836208,0.720757804608165
2015-01-22,0.6796803513727823,1.2567651754717446,0.7671855746892018,0.7506684899839204
2015-01-28,0.6582049349335966,1.2534077987181045,0.7583917038613581,0.735329790885289
,0.6769270869605409,1.2423416808627628,0.7584380712537728,0.7394547125004488
,0.6730051230844608,1.242293050284107,0.7584557522620979,0.7282468587788571
,0.699896302392038,1.2861566341742465,0.7932760878733273,0.758604145350099
,0.7086646061147883,1.3010001419662554,0.8011038522657044,0.7772356557569783
,0.7065109442085785,1.3058662665690313,0.8070682252750839,0.783359334275097
,0.7010413955302918,1.3075333820345687,0.8173196331588205,0.7828920559042515
,0.678054677832649,1.305993520321294,0.80767172207394,0.7711674252283546
,0.7013448699664873,1.3747948626328486,0.8357940361191769,0.8080916760200442
,0.7187506800584095,1.3881081597720124,0.84832191309326,0.8264825225997677
,0.6908951507490456,1.356003845778613,0.8329732086295438,0.800835796060098
,0.6978699502698223,1.3578922228483805,0.8358228629253692,0.7997496652574492
,0.7095568000894757,1.3649230004354083,0.8458927246167526,0.8137986749686485
,0.7113867314369252,1.3826263143972728,0.8486283065279545,0.8186168880966412
,0.7135428898370126,1.3805791483805805,0.8505728552100789,0.8189275018671917
,0.7193002641908421,1.3783377285980059,0.8532741654858197,0.8281390173161165
,0.6987430642698133,1.320717353871136,0.8170936143103301,0.7832975294208142
,0.6974172490534548,1.316691761358804,0.8263344372240038,0.7868775539811166
,0.7081215706979198,1.3389354346636997,0.8304665078450277,0.8017581875578759
,0.7249987639200277,1.348564229019876,0.8390118492918484,0.8220108964259296
,0.7248915845111875,1.3468101287013516,0.8400206689558923,0.8266191405556712
,0.7177185388577598,1.333044636861725,0.8329843379432141,0.8144447390724827
,0.7121262734866461,1.3165793214277937,0.8185111213841922,0.8082314776833383
,0.7155001884677957,1.3161333210584274,0.8218269687357136,0.8083428207590332
,0.7141295900796042,1.3092838171735228,0.814616960992162,0.8016387587533935
,0.7277359972590006,1.3219084024458327,0.8269359623239849,0.8130036577363754
,0.7169758263398187,1.3108310016707478,0.8215352386949237,0.805441714533208
,0.7060458149402833,1.3043054307731554,0.809040165114839,0.7859110703683108
,0.6951031455383954,1.2864642640556518,0.7876286918413461,0.7548058908203908
,0.7176797525023276,1.3160698440115917,0.8099582622919146,0.7787076796634332
,0.714330283489169,1.2830637102094444,0.771229832326525,0.7539640405898768
,0.6933129087487513,1.2442384882984325,0.7428528979238384,0.7127219876956529
,0.716978509399489,1.2655654294782626,0.7669727350634244,0.7499021511294058
,0.710897180143414,1.274735665461972,0.7639312567121893,0.7570100730456883
,0.7151539507470489,1.3084118880685325,0.7754955104723182,0.7550785608988131
,0.7229148519917141,1.31467740468475,0.7879058047234795,0.763531209426467
,0.6216507657484718,1.2135104307212052,0.6884246279130379,0.658182006088586
,0.6668216526907951,1.2481338406754448,0.7127521447512368,0.6981344660525345
,0.6474679043176217,1.2398953144887324,0.693566366476422,0.6823613629189476
,0.6488501001188471,1.2446157286432424,0.6983186669654236,0.6827740772745087
,0.6717118643895696,1.2707628037937464,0.7065020497550137,0.6933910756967931
,0.6425379147824591,1.2180150820361895,0.647946700190211,0.6413787063883108
,0.6074218020345836,1.172005973477067,0.5960573401247045,0.5743281438714645
,0.6457363022677665,1.2454420581417682,0.6490769775873667,0.6369491900616737
,0.6755115623743578,1.2578380183640268,0.6888473343992725,0.6938869380138385
,0.6654188203049586,1.244910387175651,0.6924890819608006,0.6954338347838771
,0.6829937728090334,1.2560431093208464,0.6936469220798613,0.69247988688328
,0.6939953923975986,1.2902854774708268,0.7183489938831713,0.7128170428975626
,0.6990866382875723,1.3268282774709288,0.7439005638012547,0.7243489553238935
,0.7096420319063965,1.3234666388875995,0.7402104385076524,0.7085345212019563
,0.6970926757998427,1.3281804729415785,0.7331089997265817,0.6945401435699693
,0.6866582535279572,1.3098246662754118,0.734140389962525,0.6887847168074224
,0.702642253628632,1.3514903462580732,0.7515108700393982,0.7043750919460342
,0.705108777139465,1.340144125311623,0.7527256898949074,0.71168598479564
,0.7029930203300586,1.3335819597307637,0.7222366043223766,0.655193905740967
,0.6811684140236807,1.3334419653832075,0.6878799544849358,0.6232784478583451
,0.6889948658121336,1.3167723538858185,0.6883012956900528,0.5780044034697229
,0.6758421831541822,1.3348420693911554,0.6792028390038338,0.550524707482135
,0.6985971002990701,1.3293707375237631,0.7023736555269959,0.5861992817553915
2016-01-05,0.6699767557291697,1.3303552523954962,0.6924518788745493,0.5831549568801451
2016-01-11,0.6122152221976207,1.3005449219989698,0.6452101184990705,0.469445455784994
2016-01-15,0.5877622894456139,1.2612718770232976,0.6494195029526248,0.4445296438207942
2016-01-22,0.6008196933596447,1.2828708858100073,0.6731804278596055,0.4933903494668826
2016-01-28,0.5902528680183905,1.2327094716733058,0.6881705239735059,0.5105815983796334
,0.6063930710554234,1.1753139073165288,0.6921081770906142,0.527548612973988
,0.5614996966912817,1.0792370834808918,0.6627456260220175,0.4245027802801609
,0.5918375746396289,1.1243548512421586,0.7030826472726045,0.45902041680949973
,0.622921358093677,1.1472808973847048,0.7225423507880974,0.5027216252947335
,0.6295455333017219,1.1638438454486433,0.7066476533290793,0.48916783045198636
,0.662371370520774,1.2315618791990757,0.7390645939261181,0.5594803986491482
,0.6594332261090423,1.246487668139922,0.7295026338193293,0.5608845427319389
,0.6735714227919818,1.2486456502747385,0.7454964307555256,0.5852643623219584
,0.6943722215356785,1.2625613126391622,0.7597931507857639,0.6224253445000894
,0.6868135030009714,1.2532548408401574,0.7577189285663519,0.5871391749206397
,0.7089631788108959,1.2168870860382588,0.7456815513789282,0.5875722686492502
,0.6908920879839986,1.1968170690605204,0.7349802578526358,0.5948906605353151
,0.7155507180848153,1.211148083001684,0.7756299478430796,0.6509567286155185
,0.724108803879287,1.1713583113911905,0.7835044081261378,0.685959432158376
,0.7212709319230867,1.1985998616206681,0.7898574499947558,0.688895797532988
,0.7108191927166625,1.1505137883608512,0.7943625772959746,0.707985446155967
,0.7063321913933098,1.093545214226374,0.7633319186783989,0.6788220983599844
,0.7137287457537912,1.0982094391596016,0.766452848862071,0.6834448963820655
,0.7092293138733898,1.0870503944404406,0.7750380801357406,0.7018372333103189
,0.713622685928856,1.0833956154683817,0.7690940720858758,0.696844807049776
,0.7404574429363859,1.106557605537484,0.7860717735900338,0.708151548275638
,0.7434170172303246,1.1387900477774893,0.8090055799290874,0.7372076080549474
,0.7526162209400384,1.1536201541685087,0.8211999306626561,0.7499364449949139
,0.7303976437568703,1.141390539632852,0.8163679871651056,0.7404248170880369
,0.7418475510154537,1.1518516298236963,0.8220619109226894,0.7502361960449981
,0.688260996218677,1.151964307235832,0.8386631117037535,0.7582289411817784
,0.7444652794487961,1.1804377281847171,0.8728678738421154,0.78916204425548
,0.7564152894167926,1.1766583276567704,0.8765781187703545,0.7890402464083704
,0.7735583627101187,1.1680276840279833,0.8682251971220224,0.7771415831320643
,0.7777316083695281,1.173060690934496,0.8648823723588315,0.7758094054869082
,0.7833514361751865,1.177827815381865,0.8795119958863793,0.7820654018728938
,0.7824564424837116,1.1734583126241958,0.8740929329409259,0.7789150470636467
,0.7875769396979649,1.1404791295163872,0.8503755642067694,0.7522062627603886
,0.7885785521766966,1.1363661085900338,0.8491588048392302,0.752798795155844
,0.7850128172459673,1.1333146939511718,0.8419548170029707,0.7406512727406945
,0.794303856025031,1.1390867947465777,0.8417060440652357,0.7403740287086168
,0.7920397947825073,1.1332640097130768,0.832853365722408,0.7288404239919489
,0.7943754833852623,1.1333300673132798,0.8377081487796996,0.7294756756338796
,0.7680444473545467,1.121298551899633,0.8150439986154873,0.7072947617455531
,0.7756760804547523,1.1310112029608526,0.82948925791305,0.7215655923752491
,0.7883373977712342,1.1737777621267103,0.8624610057210723,0.7615547774823855
,0.7876851789565898,1.1665733901044772,0.852015876257631,0.7512226098398382
,0.7855152487399248,1.1347623088197516,0.8135125550991258,0.714812668310202
,0.7792085338200218,1.1069885699334021,0.7874328980584205,0.6863803478927599
,0.7663986318297598,1.124328259018261,0.8140485247083786,0.7036319255006864
,0.776513684805835,1.129071747910667,0.8152706925743585,0.712975760523267
,0.7715604862138571,1.1302164411493232,0.8176747430783058,0.7128508459106296
,0.7654099534736057,1.1456586194727838,0.8373646602993837,0.7308976902030548
,0.7484779186307523,1.1251351040532755,0.807113049793979,0.7039450464718621
,0.7850162742330565,1.1056069022556285,0.7634251201195661,0.673129588876877
,0.7968680787919796,1.1204462073450472,0.7756051263236665,0.6784808837087813
,0.8116109546427994,1.1359089912604208,0.7789718558893505,0.6862959205841257
,0.8140265776250082,1.127940958323088,0.7794098424340509,0.6875033970773372
,0.8125778141637952,1.115873927113914,0.7496968709119085,0.6635163622082049
,0.8376607814515884,1.1356530779986929,0.7713725230569298,0.6935895421140131
,0.8352285798407819,1.158954383122161,0.7798046760464331,0.7023802750456992
,0.8360797762307297,1.160022720457547,0.7726852391112204,0.6995308803568516
,0.828986855074614,1.162955787477649,0.7642707769801683,0.6924307342414775
2017-01-04,0.8438365967748761,1.1569720712857634,0.7690243631961302,0.6973666757806322
2017-01-10,0.8441475145157191,1.1786436745590776,0.7745624599349691,0.7030828838971264
2017-01-17,0.8432556803766248,1.1720790337866378,0.7785034493713703,0.6996002718284432
2017-01-23,0.8422670368888309,1.1967144077396796,0.7824059068679045,0.7056917053866387
2017-01-27,0.8560719064559804,1.2482471093641467,0.7955046550606159,0.7304891699948787
,0.8542501489680534,1.2692171104655234,0.7973101546127557,0.7323411815879877
,0.8605149019202224,1.2953763634435018,0.8028431131207189,0.744250663504257
,0.8791653518976202,1.2832753755641748,0.8292072281686835,0.7593676286923426
,0.8899668100738078,1.2950214668662372,0.8540998103763496,0.780522524584564
,0.8931142108327852,1.2836970167479138,0.8559866244449934,0.7859952791157777
,0.8967397829490515,1.2773679990916005,0.8583360352383366,0.7863819274991342
,0.8861485207917765,1.2767979469225672,0.8606432719465918,0.784580208370808
,0.8992461279267168,1.3090936369030894,0.8809154810488493,0.8027367669117861
,0.881119075853463,1.2921342580818196,0.8755294228742254,0.7864796828113814
,0.8831811777556954,1.3025711800511193,0.8771570908596124,0.7925589407260646
,0.8942196933826838,1.3127001533377218,0.8817364029986182,0.7993765594756899
,0.8922505464876038,1.2903437744364197,0.8744556848095448,0.7941553374896386
,0.8868520316769191,1.2765417379568755,0.8656455499953285,0.7827101870600934
,0.8876889764221163,1.2927400533380178,0.8780141479219504,0.7933606639161717
,0.9067428968678753,1.3244277702704426,0.9003441615648886,0.8187928286686216
,0.9081762289787335,1.320330460372198,0.9084282565917519,0.826241654319612
,0.9133547948004923,1.3130728657195336,0.9145773839041638,0.8276665667017062
,0.9117121819361641,1.3441435109149173,0.9163617900140779,0.8325926595338314
,0.8974653143403815,1.322598063351044,0.9030266872754942,0.8178794799603585
,0.9157346610551916,1.345859932388648,0.9081015917266617,0.838126952537964
,0.922196134205607,1.360333524826496,0.9184739475888203,0.8546128624572192
,0.9330938550672565,1.3691271509703464,0.9309299978427769,0.8652882595276966
,0.9337686942650248,1.3351867350652122,0.9152695679305507,0.8458289699766325
,0.935512848395531,1.3152779465435682,0.9073911879024137,0.8376533279353617
,0.9363473368907097,1.336363592399665,0.9122202032605466,0.8462793532682951
,0.9329466523481196,1.3232226247730319,0.9075131312575666,0.8359253772785072
,0.9369758414441235,1.3114207934877504,0.901745168926552,0.823542966514367
,0.9342050696205229,1.33228925962488,0.9105731690664273,0.8438403533210718
,0.9482617183155793,1.3541355544378602,0.9271622676219815,0.8668407410572908
,0.9554284340596629,1.3678982321110882,0.9344330989938948,0.8770853557671338
,0.9562604680907952,1.3789490563603248,0.9387575632593357,0.876129771517582
,0.9540988927231522,1.3697009795394808,0.9411486139187611,0.8643248816843377
,0.9515661730790169,1.3791029508592585,0.9466410001038805,0.859829992910022
,0.9338316708210967,1.3668113315519725,0.935269666283963,0.846595846682372
,0.9308713829572244,1.3764837918388542,0.9361423729660951,0.8459686204918819
,0.9380285837662637,1.392154189487865,0.9437758490294061,0.8553887337194388
,0.937465747434254,1.3988722064716563,0.9515018195501479,0.8611912194554973
,0.9461937850056561,1.4051443372720462,0.9555235945142831,0.8704564302083319
,0.9603587856281655,1.4138784910848423,0.9697836152320026,0.8860968841864892
,0.9629085018436112,1.39147519990123,0.9630392512234445,0.8880516992766484
,0.9631569883706075,1.3679358785246103,0.9607118400107859,0.8906940846660474
,0.9687505171206908,1.3642334444231494,0.959253417779932,0.8974606923481895
,0.9792788242342486,1.3791292898488148,0.9792648352699628,0.9122593441979547
,0.9830257813617567,1.3914542965044616,0.9905512890010233,0.9218692421499824
,0.986993709926644,1.4066451315470376,0.9938774701572188,0.930075877505725
,0.9918683321111255,1.4345644049968485,0.9997749097972073,0.9379760221416317
,0.9905366127166967,1.4429987799501776,1.0054076519533717,0.9448724762072351
,0.9958386588217538,1.485758670113787,1.0320279935668293,0.9648912806099316
,1.0039179112506287,1.5305922437202577,1.0515880781392348,0.9751966025372986
,0.9992534992947542,1.5328044031361177,1.0494307522409647,0.9703821525921608
,1.0037385807056487,1.5287088740542267,1.0562258105570845,0.9856783823738301
,1.0087643479296136,1.5304492677863661,1.0636271985574397,0.9904414908236422
,1.0191438650528544,1.5104183945726297,1.0636823714224675,0.9815130648798851
,1.015004401654858,1.4930164406567494,1.0601666770531915,0.9680570579338689
,1.0251352529285618,1.5077022015791235,1.0705782838845155,0.9833267353757476
,1.026610494605248,1.5183437066586631,1.0669635423643824,0.9851132945087295
,1.0276172260187968,1.5162192286436134,1.064098523112011,0.9900148548946536
,1.0323264065123285,1.51252288082021,1.0680629916364581,0.9881352425215113
2018-01-04,1.042770975329774,1.5239519241999981,1.0859926952525027,1.0114000462042596
2018-01-10,1.049372377550991,1.525393327195319,1.0983969652292203,1.0213022190778995
2018-01-17,1.0666184652928457,1.5412557390189203,1.1228984280369458,1.050141072855606
2018-01-23,1.0807943167299239,1.550195190532617,1.1279017835886136,1.0659473617791033
2018-01-29,1.0815828226237,1.545132994549136,1.1258933681457173,1.0666667904365037
,1.0488359230127415,1.5125858051041836,1.1015571911366333,1.035603951466408
,0.9826711776959287,1.4468631843201338,1.0240733320855917,0.9627773483894584
,1.0263711146266112,1.5098576204047451,1.0756075759982222,1.0200306032939765
,1.0267159791343998,1.5275790866782164,1.0849878451871209,1.031157252520168
,1.0370227676318058,1.5399742122263496,1.096500729880919,1.054032358868863
,1.0353584236560234,1.542947022298693,1.0887824809137758,1.0588554030412183
,1.060185954835292,1.5679084879966376,1.1154203551619888,1.0929753457846045
,1.0495933739240946,1.5821415623485107,1.1140552802351653,1.0826134349730834
,1.0435860232316285,1.5815367449806577,1.099277307884928,1.0726064135532594
,1.0120254946931684,1.514859418193617,1.051391471248323,1.0257908771541067
,1.0123381839565018,1.5103381043745971,1.0436212610919675,1.0175803432646662
,1.0103235453106314,1.505065283829274,1.040822461752247,1.011519817240386
,1.0239375750871442,1.5396424647425877,1.0626586029973493,1.0423330723613233
,1.0385288006916165,1.5569909655425624,1.064592908315365,1.053424507803
,1.0268129413015368,1.5283161134192937,1.0384913072060262,1.0263029788067755
,1.0315185250134218,1.521231748243554,1.049646034984128,1.037465380472394
,1.0367000997637186,1.5532266216479997,1.0653800339468937,1.0585991465363225
,1.0525965607517107,1.5823193435534844,1.0949897927335166,1.0769365642903497
,1.0508056500734901,1.5849376867486789,1.0896849578884946,1.074968866660323
,1.056040974021052,1.6006720728240402,1.0960971372178896,1.0822328023390744
,1.0547239069723056,1.6110944252953647,1.1024289119931363,1.077394656408003
,1.061356845000724,1.6188257058871132,1.1014487295827047,1.0600657955055974
,1.0744172442773627,1.605970583875751,1.1160889659943927,1.0870698046811151
,1.0764128001379039,1.5694886041718676,1.0920536130489338,1.0544540565410387
,1.0694771471310363,1.551137515322114,1.091897149886435,1.0547925666453664
,1.0516127451320836,1.545590710728779,1.094902537374511,1.0782777017780911
,1.0579589153392408,1.5353204651286674,1.093133310542103,1.0725009443553386
,1.084031107986515,1.547095208978375,1.1101683995099247,1.1005163052412454
,1.0820227457217553,1.5269978647627729,1.093362012595184,1.0701357169051477
,1.0822638415609358,1.5260515887448218,1.099421961564869,1.071488946847706
,1.0925034471975466,1.5958670907290193,1.1346100959125343,1.0946855428679139
,1.0814973848996312,1.5803375774504984,1.1056574069349108,1.0767019829915325
,1.0961481978669185,1.5892157772175284,1.1191460949388152,1.0894314734264223
,1.081424487716705,1.5772037664611376,1.0984961175328984,1.062254732517718
,1.0926671342230412,1.5523110705109802,1.0913960409323245,1.0388732019379745
,1.0973130029939229,1.5918141643372774,1.1058778595783407,1.0603960570319597
,1.1155024886407183,1.6033178151087526,1.1139414155917182,1.0730681445796424
,1.10649837313231,1.5795736024779912,1.096296588263144,1.0449503006537542
,1.1045614061407925,1.563779964833401,1.0873529303102438,1.032652425546995
,1.1075284452241214,1.580727873806397,1.096867240972375,1.0427337884221648
,1.1200767389309252,1.5674980900206936,1.1117710007553785,1.0655502870314266
,1.1070365964099,1.5807822919507573,1.1139153703591076,1.0712346201914318
,1.1058519639361586,1.6085742456834184,1.1281257873600234,1.089715351001051
,1.089975172164364,1.5855566433065,1.1288396145185846,1.094749792759611
,1.0463282777377994,1.493930764513566,1.0573757737985925,1.0241838257312466
,1.0494033972280785,1.4343009793248775,1.0521282941020227,1.0056155573676528
,1.0231243500341272,1.3784743833130058,0.9925609186287896,0.9242923248486671
,1.032430512838063,1.4112160823837534,1.0157136496349495,0.925931547202376
,1.056716253858517,1.4071489131005346,1.0456741170074706,0.9507953951805713
,1.0449906536507303,1.3603912408494925,1.0189665477599554,0.9142263807935302
,1.0512120621516055,1.343561208346155,1.0169000044392074,0.9089951260992208
,1.0241200337326877,1.3036297683553755,0.9938436990121009,0.8904287761794851
,1.054244056176692,1.3147237118510704,0.9982002492110893,0.9008623876165353
,1.039197010580486,1.3386529784932868,1.0328580819124016,0.9275293090947679
,1.021130162682222,1.353190451646804,1.0419405131341695,0.9353455864505393
,0.9806222990062258,1.317007302369204,1.008314573572371,0.8997585074745755
,0.9048934748307131,1.248127020994516,0.9443704009655207,0.8450158242131856
,0.965431552894585,1.2850634914780472,0.9833751236241688,0.8754926714608054
2019-01-07,0.9829017905520926,1.278809078790208,0.9773343923550747,0.8658766698905931
2019-01-11,1.008521591006202,1.311092719052253,0.9916201258736866,0.8829284608461442
2019-01-17,1.0198613718461316,1.325833941108454,0.9942004217116581,0.8710377266524065
2019-01-24,1.0306547804698083,1.344857061354152,1.0097193293841968,0.904178982700844
2019-01-30,1.0464767549278806,1.339617126940519,1.000815623813431,0.8970768645121282
,1.0663522543782367,1.3699737545932622,1.0202305195135606,0.9162852265871756
,1.0622696757925576,1.3848419646213683,1.0359937784453233,0.9320933320995741
,1.0863752866216048,1.3823257202115027,1.0423949212034218,0.935116003401523
,1.0953844120071277,1.392719166076423,1.0426753795055357,0.9590623981258294
,1.088696114631754,1.3826359080726354,1.0416456707739428,0.9551483038635927
,1.080197824545383,1.3862115610788566,1.0443187015796729,0.958554954590416
,1.088416186207979,1.4106220846244613,1.0706346089531766,0.9816450088782931
,1.1006443494605478,1.414790862000343,1.06831605560688,0.9821594674329801
,1.0862013472106329,1.4181013163619964,1.0788703259336538,0.991675451631866
,1.0933327317054304,1.408279096806315,1.075624426054756,0.9803580687246507
,1.114649858539797,1.4085359521095218,1.0727623098654278,0.9790336879515208
,1.1160986935414443,1.4108076850737323,1.0704826689983125,0.9790900150893533
,1.1267864131405767,1.410980162069738,1.0777120556141568,0.9897787486455422
,1.1148911816311742,1.3938923770937885,1.0526300507311042,0.9686020718333652
,1.1289685100365818,1.4002137694877403,1.0637961601659753,0.9838139586567939
,1.1236531869343074,1.3968096818644045,1.0566860285793562,0.9782103379492985
,1.109904841277777,1.3615882082776474,1.029102334280004,0.9601133883974511
,1.0971917646352116,1.3796959441934178,1.0369632452834272,0.9748946416442624
,1.093966507242613,1.3904614144989123,1.0465129556297559,0.9847178506450343
,1.0920187646779824,1.4085981625323634,1.0556379778706988,0.997560425062375
,1.0677766931707058,1.3897217074695913,1.012997685499323,0.9371533876941551
,1.107208275863251,1.438377135332376,1.0580096714856557,0.9677982257926371
,1.115483365022669,1.4214374615631955,1.037318314856069,0.9522226103548284
,1.1284963789282163,1.430199329204561,1.05296390999695,0.9795098931410199
,1.1351256261545715,1.4377886939837128,1.0571910766538384,0.9949387732134073
,1.1405395493651092,1.4659834714531104,1.0589651295326103,1.0092678647718578
,1.1567123945954036,1.48113106051007,1.0641946047550441,0.9976550414961419
,1.1556158565589718,1.4931020895841505,1.0785061265504037,1.0126027326733167
,1.1489399535228495,1.4641136259339518,1.0451766674623155,0.9702989562829778
,1.1553755929708092,1.4486153599656444,1.043676078463192,0.9865907243741834
,1.1595728354582728,1.3810910304429451,0.9901235851082948,0.9428430305414086
,1.1331568979403932,1.4112162546733904,0.961210280839454,0.9274123872131667
,1.136313629177499,1.380777393584219,0.9546505486998099,0.8998566136502788
,1.0967169077582932,1.3503520021257414,0.8978451778746066,0.8390930096066642
,1.1166409862013567,1.3807599731533096,0.9171633325931924,0.8671261007427172
,1.1052821868600466,1.3486861067406064,0.901008640352194,0.8213587461105252
,1.1214318152106684,1.383779832614484,0.9220448423891007,0.8475014703342192
,1.141462127345825,1.3997982754767468,0.9462346705560071,0.8823573436742999
,1.1550896390753274,1.4248044365186527,0.9741812889042096,0.9183932797389479
,1.1584948005827194,1.4520186475903187,0.9847530900411807,0.9435540982685867
,1.145900547946166,1.4259657467487483,0.9662660647479806,0.9168488422121611
,1.147223934568513,1.417854423757053,0.9484864936695272,0.8940539271877209
,1.1354279094698563,1.3983752850489808,0.9325489436617503,0.8613996640922422
,1.1260658293712382,1.3574290424977031,0.9152910385510579,0.843285323079896
,1.142690436206198,1.3561457033038316,0.9206056538216622,0.849455501976887
,1.1486812842736702,1.3775057166828197,0.9421521434464127,0.882045176081561
,1.1556379886290082,1.3762854400022342,0.9343317752496045,0.8804971425382777
,1.1666098211951395,1.3742408819232241,0.938499537666082,0.8919634362129877
,1.1704569918971608,1.351492046401906,0.9592922938799786,0.9129896623376236
,1.1720856337101193,1.3542750266808246,0.937118042314615,0.8895121304127894
,1.1824082773035742,1.3517001709087229,0.9125094014718486,0.8635102806144985
,1.1884780871958587,1.389707801589754,0.9254091069037946,0.8865852231368186
,1.1822331327979274,1.381330199035763,0.923815227385459,0.8806646982800131
,1.1939918023942757,1.3944426266401437,0.9406055236681752,0.8960878682316453
,1.202201431978511,1.3744715599974147,0.911904891868566,0.8675702802125228
,1.2087244451440324,1.3740839813903631,0.9223193224284092,0.8749031146315539
,1.2187961833901653,1.3732577077033348,0.9307652443955575,0.882712101995981
,1.220858928515969,1.3921578659448572,0.9435886040441481,0.8988891679224341
2020-01-07,1.2183678770440145,1.3620814669245305,0.9245971338048188,0.8803107638175309
2020-01-13,1.2306212328684738,1.3873538278008617,0.9445791462620488,0.9008880724280033
2020-01-17,1.2457456463127121,1.4069095392842872,0.9619362028454621,0.9173343789247579
2020-01-24,1.2323080908785629,1.411178909845627,0.9531009656300383,0.9228594397647595
2020-01-30,1.2241360155469523,1.3954820816470765,0.9409642114185613,0.9156034566447114
,1.2391675348980395,1.3890172490040675,0.9453986550593503,0.9189346363965786
,1.2430573661811124,1.3901024665033397,0.960028553000146,0.9329731169876478
,1.2480534423200855,1.4161942065427293,0.9767350210120068,0.9570052808373922
,1.2108245893904455,1.4094183163157197,0.9508665558474346,0.9474042873206288
,1.1127770400475114,1.2899483521808848,0.8420504238208376,0.8327604084925964
,1.130506736999656,1.359061830231046,0.8791926172210149,0.8862332501259217
,0.9987034372200649,1.2148065794439349,0.7813079322165796,0.7774316931630842
,0.8718987651374382,1.0162323811140541,0.575012399681405,0.6045462115913451
,0.7328534034511279,0.7455717759013931,0.4135659606343808,0.4027011666655238
,0.8974915220990066,0.9544904535264459,0.6087806132622576,0.5984084692290635
,0.8580552716072547,0.8122759899930942,0.5050693269977982,0.4837512609675812
,0.9796983202069351,1.0026928249306108,0.6552934738267457,0.6526397820140001
,0.9711327739374108,0.9983628804290681,0.6356894575493208,0.6414313853115711
,0.9560027970614676,0.9475957602926908,0.5796071727494271,0.590174166731455
,1.0206032562399336,1.0209005783778482,0.6262135385829474,0.6350916655085554
,0.9985526920153048,0.994541940730741,0.6036445911244269,0.6219023327004579
,1.0135768515128887,1.0098348866312996,0.5934907385363245,0.6128778223942801
,0.9730710095625693,0.9248593618374936,0.5151351454355264,0.5371179811392931
,1.0279098215274907,1.0070303898054842,0.5764251662510833,0.5997442397228894
,1.0697028871433742,1.1114991117878987,0.6308777071784136,0.6660248755085976
,1.0934350380618039,1.201317320819064,0.6684211606646017,0.7008965397264422
,1.1632196221410391,1.1829583907283292,0.6727722807216756,0.7096972319729952
,1.0713484878846955,1.1792268407227082,0.6128840815581943,0.6412193990227883
,1.1111232352152167,1.2223077196420042,0.6287586644542469,0.6773077552628108
,1.103522981167323,1.2524911127870584,0.655329450747855,0.6857483376319947
,1.0772177143950126,1.2322392613919888,0.6368988109062022,0.663335536794476
,1.1081975675048685,1.2743999105041184,0.681027148982287,0.7063762666419379
,1.09688321116664,1.2786621907826798,0.6616307229183511,0.6913443449190726
,1.1251222175460667,1.275906376259462,0.6866001241719913,0.72988446636002
,1.1419769464356224,1.2991801483812828,0.6977315673633254,0.7564471188810792
,1.1290510121077755,1.2933121560587646,0.6833949154532212,0.7460608602139557
,1.1408093932287418,1.3315152748744754,0.6937692152304047,0.76192147610043
,1.1605129963377032,1.3049954913111945,0.6833664942659038,0.7497069705433966
,1.1673943117871406,1.2940141312240705,0.6927988722086922,0.7516367634562635
,1.1585171124079332,1.3087994664761615,0.686074308997906,0.7477773535367463
,1.16584767361942,1.2898111944594248,0.6752193011558539,0.7427676735703912
,1.16965285202878,1.300355124933312,0.677043084143814,0.7518524913614093
,1.1642042130621884,1.2330756627503243,0.6411564261151914,0.7258059829827656
,1.1417492606394135,1.1925261164513312,0.6287741277377927,0.7185487926805613
,1.160991789008892,1.21609041089288,0.6404577622104176,0.7308316112345126
,1.106922715245529,1.2122593941734896,0.6184362812778995,0.6911689539380661
,1.1324851923250459,1.235483348631674,0.6321622158858335,0.7133746435170573
,1.1649909129724376,1.257983357673314,0.6549150809222888,0.7427752469429133
,1.1888970572650754,1.2637046858492964,0.678920095718617,0.765441276563395
,1.1860802226364764,1.254519869466207,0.6551875693648982,0.7564005355458583
,1.174770231192663,1.229842041882689,0.6388674183966693,0.7474798581305224
,1.160119392207995,1.234861570102561,0.634438894571457,0.7528045078984504
,1.1555664015883835,1.1353381534128613,0.6304914343440496,0.7283315342381647
,1.1914221479993452,1.2207005985313086,0.6764289386544363,0.7884243691580798
,1.220836207985456,1.176221319675036,0.6625610336003811,0.7870554246599123
,1.243093597996085,1.12656091560279,0.654581915732858,0.7749424888464646
,1.2751190799927479,1.1540763195803259,0.6580167592806196,0.7928263867941217
,1.2707039275279242,1.1678181342449174,0.6644421221933058,0.7882237314646493
,1.2891049717173217,1.1786660308047148,0.6505035272747794,0.7891789172929595
,1.2819072060387193,1.1727699491482644,0.6375286194662447,0.7789801103540795
,1.2970836747778072,1.1747225766613114,0.6505584754128124,0.7866596193618605
,1.2869503673030689,1.183362772467897,0.6460458458577533,0.7802248483165128
,1.2936501613180322,1.2182832585098702,0.6522491524381614,0.7918068885362106
2021-01-06,1.3207502877512618,1.291247715159161,0.6721864797928213,0.8494369539176991
2021-01-12,1.338096341471793,1.3008928569089708,0.687792275416538,0.8677067691699829
2021-01-19,1.339135977514637,1.2952004298854325,0.657305598427514,0.8405616421793987
2021-01-25,1.3354154560280058,1.2551102407929577,0.6583364972604128,0.8261945042641002
2021-01-29,1.2980772028572325,1.1965450505568824,0.613851669508676,0.7764244412063996
,1.3396359998984755,1.2616451303495508,0.6472424886809829,0.8007108147227314
,1.3578806432910684,1.2913535915458063,0.668518615051093,0.8172362679363205
,1.3670181706239244,1.3339991691800932,0.6655602650619045,0.8259829151245415
,1.3699915236015967,1.378198991380355,0.6530849826990239,0.8334650745015174
,1.3741384499599638,1.3348100396610079,0.6454666279184016,0.837453361140555
,1.3694058571584944,1.331731029293972,0.6367146077688308,0.836209696450564
,1.3949308624036847,1.3785282810513766,0.6643162614533016,0.8742537721230824
,1.4058596256025975,1.3614103481846607,0.6813963084880066,0.8786749564507585
,1.3817139984817302,1.3048436421067757,0.6808622892139355,0.8490716498204312
,1.403705643375761,1.3136964316818887,0.7153371657405545,0.8927856624964343
,1.4250343779728076,1.360125721887715,0.7136404285996737,0.9036295451130365
,1.4302783897067215,1.3526110279850632,0.7205706799041092,0.9037172907931361
,1.4410012217209716,1.4152481684553349,0.7370984217777354,0.9221233814078923
,1.444859343011378,1.4018870049233005,0.7683939880905327,0.942536290740384
,1.4534050348468759,1.4382270456897759,0.7571316772179689,0.9500456860716817
,1.4584806849579224,1.4486210228135716,0.7767245166967518,0.9648725897479323
,1.474774551946856,1.540191943983232,0.818010805451201,1.0099136246750804
,1.4502546326300276,1.5075139606152606,0.8056240340473375,1.0011095842394473
,1.4517722550643568,1.4800507408016785,0.8055657280331421,0.9964969467510749
,1.4605207473920747,1.48332989102492,0.8127946405582913,0.9960862637717036
,1.4739184325721377,1.5277309887129595,0.823814480963202,1.0394771241989338
,1.4770003851277929,1.547169254276164,0.8553528164853846,1.065052777648387
,1.4809205776866348,1.5431607038377726,0.8604998634104633,1.0612139816703734
,1.46022231862572,1.5219016754494843,0.825629487930615,1.0165180441726207
,1.4621032887416874,1.5514433069324098,0.8259847944174344,1.0396203422739885
,1.4714390761563818,1.5398505961274136,0.8064535978009642,1.0178082049262287
,1.475343879220993,1.5482734846665533,0.8213529305891458,1.0172101106793057
,1.4861076380682643,1.5565007497456236,0.8320387379248025,1.021924096250166
,1.463752364163194,1.4807302125039468,0.77309643483208,0.9297539778952568
,1.4700745326312223,1.4780987250493673,0.7671348007329084,0.931633754364984
,1.481676449332987,1.4874002835089077,0.7774874087640516,0.9518857095082236
,1.493102123588733,1.4731660427989244,0.7849248746193983,0.9451129179367201
,1.492960291514975,1.4774214134171084,0.7661332941194969,0.9293193269972163
,1.501803230638936,1.49485107471521,0.7717735416531896,0.9347967729634541
,1.4824207059950307,1.420449751175429,0.7161297315120101,0.8548655976113096
,1.5076004918580046,1.50470894043162,0.7493906403723983,0.9275488801392273
,1.5105832765773601,1.4916070405953499,0.7579327422697446,0.934962200196322
,1.5072404665145993,1.4878844943408827,0.7809149304708661,0.9500558088316265
,1.5002250871961818,1.5066957232999534,0.8094798956288216,0.9767805983101161
,1.4916146875474183,1.5280986236942704,0.8193279418296521,0.9824068216351357
,1.4970616880812324,1.5756200404167537,0.837300109903376,1.0155109550359709
,1.4865238204792535,1.6161691505386317,0.889681927083418,1.0721599166922977
,1.4841888237066538,1.6591146780444348,0.9161979524642759,1.114744125545791
,1.485683083306543,1.6767659757902158,0.9322723947272769,1.1347118421968942
,1.5081324030684504,1.71344503077318,0.9476267582934118,1.151446473136181
,1.5253878297840326,1.7051400429730326,0.9411069375475127,1.1492633394716942
,1.517544384844302,1.7177525161184255,0.9513677966269938,1.1567645391261185
,1.5332646765088427,1.7286199176812338,0.9513488535392858,1.1570072904852082
,1.5460658292501794,1.7461982632318938,0.9584947331071333,1.173489246016775
,1.546805422165072,1.7193603882525719,0.9511795159719473,1.1484846729035638
,1.540728283442616,1.722270133789116,0.9457319395048499,1.1335530377180618
,1.5407578351890496,1.7576707870571096,0.9677626681248761,1.1532562978747638
,1.486955261826458,1.6622856709317773,0.9065522016284133,1.070547579978544
,1.5372699012512732,1.7530829847285383,0.9507852040039825,1.1357292016313543
,1.531662736051283,1.6878121762832239,0.9171530102298977,1.1025266750213174
,1.5282785297723955,1.6421665321620067,0.899022561646366,1.0772134983580104
,1.5485828679039513,1.7031072157513274,0.908497360830425,1.1034841408434937
,1.5643783344541962,1.737654665200198,0.9131484175393858,1.1135082246938992
2022-01-05,1.5562277071138937,1.8018224373015859,0.9486677236793676,1.170991384307311
2022-01-11,1.5616204738191208,1.8637308666204455,1.013874963547772,1.240864335666939
2022-01-18,1.539334809086036,1.8765949447327313,1.034085785561463,1.26218562750765
2022-01-24,1.507594400650531,1.8277792856861432,0.9976626281147513,1.2184133619443989
2022-01-28,1.5051113966078455,1.896418557899452,1.0382880168951198,1.2704162130384398
,1.5244991105338543,1.9277911364076752,1.0621813155790427,1.2970173653139534
,1.551272119839391,1.9116623397285883,1.0742812349549562,1.3123057104826898
,1.5270797600940325,1.9005439360913476,1.0555831830009716,1.3063680867500977
,1.4965038384792342,1.9201788827154855,1.0430940531579866,1.2910077758545608
,1.5100860785193826,2.033135444424217,1.1096669887117416,1.3511975898203377
,1.5061581906566384,2.048260701939738,1.1867864632230198,1.4178383242136965
,1.4904313684336399,2.0640000772246347,1.1994890959871085,1.4428205045331897
,1.5104452037905454,1.938231736342945,1.147552392973152,1.3702224700174999
,1.5364012032825576,2.0765184556794294,1.1787402462201808,1.445507615748121
,1.5462159778058424,2.084169397197561,1.2075745205913035,1.4756995757417244
,1.5432388070615644,2.0787488851435243,1.2140907464063675,1.4822496851780893
,1.5328313020796287,2.075711697902382,1.2161036886763952,1.4776201185777231
,1.5317861176796919,2.135474070981373,1.252409244948719,1.5193624772247416
,1.545449729161377,2.1539959003608398,1.2706144942127804,1.5352607671790308
,1.4772022707365724,2.024237745403022,1.2081127807986145,1.4372369703667822
,1.4647888119120034,2.055905191260115,1.2164706442020636,1.4626858891874277
,1.460253441531219,2.226973299446259,1.2811285203547436,1.5491922451910667
,1.4168738626675184,2.1494275404930345,1.2306724150869768,1.4795876563522392
,1.4261435486336538,2.225687122485909,1.2516513675688659,1.528331505209626
,1.4342027861314097,2.238291410723229,1.2789108389216868,1.5646055755618171
,1.4787872261046007,2.2729064283357485,1.2992805658772577,1.6060207992743754
,1.4738155627545335,2.310682347059277,1.3093741682153555,1.632170311789002
,1.4153216551623315,2.3011070434165206,1.2628558158075323,1.6111755166429635
,1.340342499997821,2.1273966446034924,1.1304041968347458,1.4581466452638472
,1.366172881342613,2.005377102041006,1.1087669031183602,1.369012900893199
,1.376917944298086,2.0754650057128767,1.1433384311908683,1.4132762758135942
,1.3755736656585529,1.9788266329508504,1.088474845934899,1.3331700808435802
,1.371777123051677,2.016294039210462,1.116353472441337,1.3451255689535893
,1.3735787295011799,2.060293278905895,1.1408263325057726,1.370926507057331
,1.4097638427296848,2.1000795936401953,1.1587089871868212,1.3794702363779836
,1.4381129550450065,2.133717252695977,1.2019284015069345,1.4340030686571597
,1.4437167516886056,2.136707346107569,1.1830952863605728,1.4152909744432711
,1.440001882712895,2.150085541195462,1.1878434577850951,1.4189244171583542
,1.4836584860454591,2.1774366356130352,1.208363708967715,1.4542313716774158
,1.4685810013458576,2.2267772723734027,1.2408108210083744,1.4957443637617527
,1.4655355955038143,2.266283863268719,1.2654608607845077,1.549914580349099
,1.409964656194005,2.2233121138000347,1.2214022259758721,1.5082018436788938
,1.4210851755621712,2.186251119234639,1.2001571034377452,1.4748964353983534
,1.4157130080849614,2.2026359059561016,1.2048456383630899,1.5011549960257229
,1.404026687694376,2.171559583284228,1.1838948166480818,1.482338745043302
,1.336675922235019,2.0842085641007926,1.0921981883275278,1.3696690418897721
,1.3210610794441147,2.0953163368461643,1.087197842441166,1.3877957882886527
,1.369730234751798,2.2050184634260743,1.1471808811764554,1.5036744642121715
,1.3179251410451063,2.1579635500146934,1.1271187072950895,1.4787709620999696
,1.3378049327621502,2.170226988790934,1.138616284969665,1.4952608658468811
,1.3528215230576865,2.188926299534444,1.1941534977193466,1.5610865164709073
,1.379758893892123,2.2081330461416204,1.2238804704909918,1.5866224673735605
,1.3723512992205977,2.2138006786626923,1.2372734751931767,1.5816166235520814
,1.3935023339100996,2.274356660439796,1.2671239694724037,1.6380936696735557
,1.4305899761363619,2.273656295536057,1.264365318763982,1.6293638333510168
,1.4295107849260587,2.2626780429009203,1.25322013421837,1.609438941077264
,1.4505406643208087,2.282739788151224,1.2647677471615884,1.6125511496557077
,1.463565439156439,2.2612220496938726,1.2826084784973282,1.6082580647327989
,1.4283428313725448,2.194515129307756,1.2421050939424685,1.5418929106879204
,1.4504524738617788,2.2286577608822626,1.253407318849767,1.5566758798102371
,1.3986900923421084,2.2090733363905604,1.2109443088298275,1.5272315941967978
,1.4119187983887227,2.2419030432654945,1.2504847245429795,1.5691103672577638
,1.4132265794979384,2.256699260623933,1.2455500517146,1.5649887319281803
2023-01-06,1.4412530976821283,2.2587822519502345,1.2337705111412676,1.563165039317641
2023-01-12,1.4647796009065988,2.282828182193137,1.2436556100403693,1.5999269902645916
2023-01-19,1.4425156813592954,2.265904218681396,1.2244981591900748,1.591437837069732
2023-01-25,1.4713811068754392,2.282739788151224,1.2136146396235556,1.5914161967014362
2023-01-31,1.4869033501692188,2.307171730943067,1.2241934679619522,1.5905734011164037
,1.4828693215444657,2.2695804934065253,1.2042638195219209,1.5386065053558222
,1.4775891836952668,2.3340463421431825,1.2125543843713025,1.5874294554347341
,1.4784066629889356,2.3124205981340116,1.2111326553195965,1.5553194602438858
,1.45574199222401,2.2683457800376092,1.1792214686816989,1.522425088614235
,1.4404164636305374,2.2696994450147723,1.1545041136850267,1.5293863181323188
,1.4381780273482878,2.276171359155011,1.1679416705753667,1.536855955743055
,1.3855592501037857,2.2296812448891488,1.1361433984127607,1.46496858197248
,1.3823955356611417,2.164729628575388,1.105612774885488,1.4121832871255158
,1.381067927453716,2.1998624158084543,1.110658534795067,1.4260205748582908
,1.413674777024487,2.2521415393106206,1.1467405493922602,1.4826530264965372
,1.42733058869203,2.306266691176155,1.17175793233389,1.5232895976022502
,1.4412893463501881,2.3091316498611802,1.1836039420408726,1.5431856610762105
,1.4458167678340832,2.3034806968828874,1.1897104142573467,1.5378363267629596
,1.4390574186453007,2.3148371271039134,1.1781157422230908,1.5205231813159183
,1.4295851269007152,2.321880615904868,1.1718584720866803,1.5014344171899998
,1.4146181700095546,2.2426436019141085,1.1319087632220557,1.4514302987320187
,1.4174748336487732,2.2537921717422917,1.147877020912364,1.4703258772172254
,1.417225359714854,2.2244274812175537,1.1353844136770483,1.4573484460886776
,1.4210833635036872,2.2356896455420974,1.1381686366160186,1.4691617235910142
,1.3998655057548695,2.230027099648597,1.1330093429158108,1.461610722833895
,1.4066931609467095,2.229027260964118,1.122716167083955,1.4560103185300057
,1.4408726438164268,2.185611752174928,1.129034666668728,1.4558811682984898
,1.4540002633285132,2.2564453778188014,1.1489563333544053,1.4935186970777286
,1.451652043602054,2.2892666662045906,1.1454255691200608,1.4909787816149782
,1.4414920636464343,2.23716182206178,1.1259397020773734,1.4666975383712195
,1.467795904411964,2.2754558589826415,1.1566272461225382,1.5015627974981005
,1.4598997527796067,2.2633550554664854,1.1442059860319598,1.4844152879365746
,1.4915646677328256,2.31578249173634,1.148268972779373,1.522382122329212
,1.4974140763808612,2.3427614133500163,1.1527993437400685,1.5257178565207385
,1.503393695926957,2.329427985291539,1.1666119454138224,1.5236175965701497
,1.5033830980153429,2.3299808440902234,1.1655857274051036,1.5269631408362812
,1.4812320472909482,2.305231296896633,1.1573821183544317,1.4969213610554732
,1.4795594472896954,2.2879383454000557,1.1597646812923021,1.4951180013497336
,1.459153718898955,2.295281858843808,1.1550916543889904,1.4797544955340296
,1.4492000796737499,2.3121614516163818,1.1580213449552204,1.484657540547862
,1.4605913563584678,2.3336525351285444,1.178462696040056,1.501357279743528
,1.4757743123254123,2.3702344733246687,1.190567132535927,1.5311834053886053
,1.4573418736144306,2.35765950918998,1.1846776399305252,1.5111672689802766
